battery_power,blue,clock_speed,dual_sim,fc,four_g,int_memory,m_dep,mobile_wt,n_cores,pc,px_height,px_width,ram,sc_h,sc_w,talk_time,three_g,touch_screen,wifi,price_range
1811,1,0.5,1,0,0,32,1.0,115,6,0,204,1132,348,17,11,18,1,0,1,0
1972,0,2.9,0,9,0,14,0.4,196,7,18,293,952,1316,8,1,8,1,1,0,1
969,0,1.8,1,2,1,44,0.6,158,3,7,167,909,641,9,1,8,1,0,1,0
895,0,0.5,1,6,0,16,0.3,164,8,14,126,1575,3122,7,0,4,0,0,1,2
1403,1,2.5,1,3,0,62,0.9,90,4,13,217,1623,921,14,13,18,1,0,0,0
603,1,0.7,1,0,1,64,0.2,156,6,0,1842,1968,604,10,4,8,1,1,1,0
1068,0,2.0,1,1,1,37,0.9,184,7,13,186,1998,1803,5,4,7,1,0,0,1
1097,0,1.4,0,0,0,60,0.8,181,1,17,405,519,509,15,12,12,1,0,0,0
1489,0,2.4,1,8,0,32,0.6,200,1,16,172,812,776,7,6,8,0,0,0,0
911,0,1.4,1,3,0,14,0.7,199,4,4,1563,1692,2933,16,3,11,0,1,0,3
769,1,2.9,1,0,0,9,0.1,182,5,1,248,874,3946,5,2,7,0,0,0,3
1358,0,1.7,0,0,0,60,0.6,147,3,1,889,1635,440,14,10,13,1,0,0,0
1545,0,1.3,1,15,1,35,0.1,173,5,20,115,1352,3197,14,9,6,1,0,1,3
612,1,1.9,1,6,0,16,0.3,102,7,7,1360,1891,3161,8,4,3,0,0,0,3
1299,1,2.8,1,0,0,64,0.5,83,6,6,46,908,1938,19,8,5,1,0,1,1
1162,0,2.0,0,0,1,56,0.7,114,7,1,56,997,1652,5,0,20,1,0,0,1
829,0,0.5,0,0,0,56,0.6,129,7,1,91,1916,820,12,6,11,1,0,1,0
1397,0,2.9,1,13,0,9,0.5,87,6,18,1308,1991,3137,12,1,11,1,1,1,3
1027,1,2.2,0,0,0,63,0.8,102,5,4,152,714,1732,8,5,13,0,1,1,1
832,1,0.5,1,1,1,5,0.1,165,5,2,9,1944,3946,12,5,14,1,1,1,3
1414,0,2.0,1,2,0,54,0.8,99,7,3,262,829,3799,17,7,7,1,0,1,3
618,1,0.5,1,2,1,57,0.2,88,3,7,879,896,2399,18,15,17,1,1,1,1
972,1,0.5,1,5,0,13,0.4,193,5,8,1392,1795,1615,11,6,13,0,1,0,1
1655,1,0.5,1,6,1,4,0.1,105,3,12,626,1348,673,10,3,12,1,0,0,0
1628,0,0.5,0,5,1,33,0.9,101,6,8,412,643,3361,16,10,13,1,0,0,3
1689,1,0.5,0,11,0,9,0.5,150,5,15,467,675,2637,8,4,3,1,0,0,2
1220,1,2.8,0,1,0,54,0.7,109,7,20,383,1249,1037,6,4,15,1,0,0,0
1156,1,2.7,1,1,1,30,0.9,173,3,16,945,1913,2735,16,15,13,1,0,1,2
718,0,2.8,0,10,0,59,0.8,113,6,13,1185,1387,1824,11,9,3,1,1,0,1
1413,0,0.5,1,4,1,39,0.1,185,5,12,1039,1318,3878,19,16,4,1,0,0,3
1336,0,0.9,0,5,1,17,0.2,194,5,9,55,583,1869,13,1,16,1,1,1,1
1095,1,2.6,1,0,1,44,0.7,103,4,5,838,1066,3209,13,11,8,1,1,1,3
1280,1,1.3,0,0,1,39,1.0,108,7,1,356,588,2335,6,4,2,1,0,1,1
1840,0,0.5,1,12,0,34,0.7,142,1,16,311,1545,1078,8,0,10,0,0,0,1
614,0,2.9,1,3,1,24,0.2,94,4,7,409,603,1930,13,12,4,1,0,1,1
897,0,1.4,1,1,0,17,0.4,171,1,2,547,1852,2948,12,3,5,0,0,1,2
1063,1,2.5,0,0,1,31,0.9,95,6,10,295,935,961,16,6,5,1,1,0,0
1413,0,0.5,1,5,0,51,0.3,117,5,11,187,517,3383,16,5,2,0,0,0,3
1872,1,1.9,0,5,0,35,0.6,111,3,14,1546,1879,2419,15,5,19,0,0,0,3
1878,0,1.5,1,5,1,56,0.3,139,5,13,183,559,2711,8,2,3,1,1,1,2
1308,0,1.9,0,0,1,61,0.7,106,3,7,59,1215,3355,15,2,4,1,0,1,3
1109,1,2.8,1,6,0,57,0.9,151,1,12,124,833,2785,15,10,16,1,0,0,2
757,0,2.3,1,5,1,58,0.2,163,4,7,535,697,3237,19,12,9,1,0,1,2
651,1,0.8,1,2,1,63,0.2,176,5,4,548,858,2244,14,9,19,1,1,0,1
1665,1,0.5,0,3,1,60,0.2,194,6,18,1572,1684,1601,18,17,14,1,0,0,2
1179,1,0.5,0,7,1,32,0.3,182,2,12,85,1451,340,16,5,16,1,0,0,0
808,0,1.9,0,7,0,20,0.8,185,6,14,496,974,1471,13,4,11,0,1,0,0
1224,0,0.5,0,16,1,6,0.4,109,6,18,747,826,506,10,0,11,1,1,1,0
1190,1,2.2,1,9,0,47,0.3,186,6,10,1417,1441,624,9,3,19,1,1,1,0
1289,0,0.8,1,3,1,16,0.9,161,6,17,713,1854,3167,14,8,20,1,1,0,3
1579,1,1.5,0,0,0,27,0.2,142,6,18,831,1484,1713,16,4,10,1,1,1,1
1099,0,0.5,0,13,1,61,0.3,146,3,20,393,1096,1699,17,10,3,1,1,1,1
1027,0,0.5,0,2,1,64,0.9,103,2,7,1698,1747,3786,17,12,12,1,0,0,3
1122,0,2.8,0,0,0,28,0.6,184,3,4,1578,1963,1402,14,10,3,0,1,0,1
1234,0,1.7,1,8,0,17,0.9,174,6,15,209,725,3351,12,9,19,0,0,1,2
1702,0,1.0,0,7,0,36,0.1,177,5,9,1240,1931,1430,8,6,10,0,0,0,2
932,0,1.3,0,1,0,64,0.7,154,7,2,1176,1224,3817,8,7,9,1,1,1,3
1168,0,1.3,0,9,0,61,0.1,90,8,10,159,1578,3173,9,4,17,0,0,1,3
703,1,2.7,0,12,1,30,0.3,113,1,20,218,1065,1472,14,7,7,1,0,0,0
880,1,1.7,1,0,0,33,0.7,173,2,2,30,1350,1414,12,1,7,1,1,0,0
704,1,2.7,0,8,1,29,0.2,80,1,10,1108,1509,1122,9,3,10,1,1,1,0
1688,0,2.5,0,0,1,21,0.2,170,7,0,650,864,3984,17,14,8,1,1,1,3
930,0,2.1,1,0,0,54,0.9,80,1,13,1569,1763,1743,7,1,9,0,1,0,2
1370,0,1.4,0,5,1,6,0.2,158,6,8,1392,1783,3703,13,10,11,1,1,0,3
936,0,0.5,1,14,1,14,0.1,164,3,17,150,1677,3761,13,1,12,1,0,0,3
995,0,1.3,1,1,0,10,0.1,104,4,3,258,1889,609,11,3,5,1,0,1,0
1965,0,0.5,0,6,1,4,1.0,84,7,9,977,1660,3535,17,0,16,1,1,1,3
551,1,2.8,0,0,1,54,0.1,172,7,15,169,1916,1414,6,1,19,1,0,1,0
948,0,1.5,1,6,0,18,0.3,119,4,7,340,1728,2926,17,13,9,1,1,1,2
1384,1,2.8,1,15,0,60,0.1,82,3,18,983,1210,1221,18,12,15,1,0,1,1
1979,1,1.6,1,0,0,32,0.2,165,7,1,833,1630,452,13,6,14,0,1,0,0
786,0,2.2,1,0,0,33,0.5,141,7,6,507,1697,2390,12,11,5,1,0,1,2
1343,0,2.4,1,5,1,14,0.9,81,8,10,1063,1205,462,18,7,11,1,1,1,0
1454,0,1.4,1,8,0,37,0.8,80,8,20,903,910,1713,16,0,19,0,0,0,1
569,1,0.5,1,10,1,4,0.8,170,3,19,351,1159,2351,8,7,10,1,1,0,1
1197,0,1.3,0,3,1,20,0.5,149,6,7,649,1629,1797,19,5,4,1,1,1,1
1715,0,1.9,0,4,1,3,0.1,171,5,6,79,1652,514,7,4,13,1,0,0,0
950,0,0.5,0,6,1,55,0.1,124,8,7,86,1681,1305,6,5,4,1,0,1,0
1312,0,1.3,0,5,1,10,0.6,163,2,9,95,893,3941,6,2,13,1,1,1,3
1986,1,0.5,1,7,1,39,0.1,89,7,19,251,599,3476,11,8,17,1,1,0,3
644,1,1.3,1,7,1,30,0.5,114,1,16,1140,1654,2382,9,0,19,1,0,1,2
928,1,0.5,1,11,0,56,0.7,80,8,13,221,1243,666,19,10,5,0,1,0,0
1589,0,2.6,0,9,0,46,0.4,84,3,16,618,940,2373,11,9,20,1,1,0,2
571,1,2.0,1,5,1,58,0.6,101,6,11,31,1536,555,19,10,11,1,0,1,0
1361,1,1.4,0,1,0,47,1.0,169,5,2,881,1382,2495,8,7,16,0,0,1,2
668,0,0.5,1,0,0,3,0.1,155,5,13,666,1203,2746,9,5,8,1,1,1,2
1646,1,2.3,0,8,1,41,0.2,185,2,10,1725,1932,3339,18,10,19,1,1,0,3
1035,1,1.9,1,8,0,11,1.0,173,6,10,831,1709,2002,17,8,5,1,1,0,1
897,1,2.0,0,3,1,2,0.6,154,8,10,0,994,1958,7,5,7,1,1,0,1
645,0,0.5,0,1,0,41,1.0,197,7,10,327,580,2962,12,9,4,1,1,1,2
1046,1,2.8,1,0,1,58,0.2,100,8,0,259,1040,3863,17,12,9,1,1,1,3
546,1,2.6,1,5,0,26,1.0,159,5,15,416,1658,1550,7,2,3,0,1,0,1
873,1,0.5,1,6,0,8,0.6,152,7,9,1257,1411,575,15,8,7,1,0,1,0
1571,0,2.9,0,1,0,30,0.9,150,7,3,805,956,586,10,9,4,0,1,1,0
1848,0,1.3,1,7,0,12,0.1,178,2,19,195,533,3915,9,7,8,0,0,1,3
1472,0,3.0,0,4,1,20,0.3,169,2,6,443,892,797,6,1,11,1,1,0,0
517,0,1.4,1,3,1,33,0.8,183,4,8,660,974,3704,17,16,11,1,0,1,3
984,1,0.5,0,13,1,42,0.8,98,7,17,1036,1611,898,16,8,13,1,1,0,0
832,0,1.6,1,1,1,34,0.3,108,5,5,311,1294,447,15,13,12,1,1,0,0
794,1,0.5,1,0,1,2,0.8,106,6,14,1222,1890,668,13,4,19,1,1,0,0
1770,1,2.3,0,0,0,9,0.6,183,6,5,1098,1373,3785,13,10,14,1,0,1,3
1075,0,0.5,1,2,0,11,0.2,122,1,16,271,1769,3927,8,3,7,1,0,0,3
1777,1,3.0,0,3,0,20,0.6,188,6,5,511,616,3868,5,1,7,0,1,1,3
891,0,1.9,1,1,1,18,0.1,153,6,3,40,1435,1303,17,16,4,1,1,1,0
774,1,2.8,0,7,1,55,0.9,124,3,18,8,896,3916,8,1,12,1,1,0,3
1843,1,1.8,1,13,1,16,0.7,134,6,18,118,580,3213,15,14,15,1,1,0,3
848,1,2.1,1,10,1,19,0.8,148,7,18,176,1029,3359,10,0,14,1,0,0,2
544,1,0.5,1,2,1,7,0.2,129,5,15,227,610,1675,13,4,17,1,1,0,0
1195,0,2.0,1,1,1,23,0.1,82,4,9,163,1100,980,13,9,17,1,0,0,0
862,0,2.3,0,9,1,6,0.1,107,8,14,829,1977,3458,9,4,9,1,1,1,3
1719,1,2.1,1,0,0,52,0.1,187,3,1,417,520,2610,10,1,11,1,1,1,2
510,0,2.6,0,0,0,33,0.1,110,6,10,1052,1897,1693,6,2,5,0,1,0,1
1765,0,1.1,0,3,0,11,0.7,87,2,7,835,1175,3695,6,5,18,1,0,0,3
643,1,0.7,1,3,1,23,0.8,156,1,9,314,1400,2096,13,6,2,1,0,0,1
709,0,1.9,0,11,1,13,0.1,81,8,15,570,1422,467,17,11,5,1,1,1,0
1583,1,1.6,0,5,1,42,0.8,118,3,10,275,862,3652,14,10,9,1,0,0,3
1809,1,1.7,0,3,1,59,0.1,174,3,4,639,721,2324,10,6,16,1,0,1,2
987,1,1.9,0,4,1,52,0.5,83,3,8,419,736,2757,17,12,15,1,1,0,2
1560,0,2.3,0,0,1,22,0.8,169,7,1,745,1364,1938,15,11,16,1,1,1,2
1619,1,0.9,0,3,0,20,0.9,117,6,9,813,1180,464,7,5,16,1,0,1,0
1020,1,0.7,1,3,1,27,0.7,128,4,4,919,1482,3204,18,1,9,1,0,1,3
832,1,0.5,0,5,1,22,0.6,198,1,8,343,1431,1666,15,4,20,1,1,1,1
1722,1,1.0,0,7,0,25,0.8,88,6,19,1179,1638,2376,5,1,19,0,0,1,3
586,0,0.5,1,1,0,57,0.3,188,2,5,1226,1389,3646,15,4,11,1,1,1,3
1261,1,0.5,1,0,1,11,0.2,90,4,0,858,1591,348,14,9,14,1,0,1,0
1786,0,2.6,0,6,0,14,1.0,115,4,15,616,912,3038,18,0,14,1,0,0,3
1407,0,1.8,1,5,1,16,0.2,170,4,6,925,1206,1068,6,0,8,1,1,0,1
1068,0,0.5,1,0,1,19,0.9,197,8,9,322,875,1209,19,12,12,1,1,0,0
979,0,0.5,1,0,1,5,0.5,164,7,2,793,1670,3449,5,2,14,1,0,0,3
1602,0,1.6,1,0,1,35,0.1,99,7,7,1325,1800,1829,18,17,13,1,0,0,2
1729,1,2.1,1,1,0,12,0.9,186,1,6,461,1178,1519,9,4,5,1,0,1,1
1882,1,1.3,1,8,0,47,0.2,140,2,13,119,652,2500,17,1,11,0,0,1,2
695,0,1.2,0,1,1,41,0.4,169,8,8,789,1211,2282,5,2,17,1,1,0,1
1698,0,2.1,0,5,1,18,0.9,160,6,20,363,994,796,13,3,14,1,0,1,0
963,0,0.5,0,1,1,60,0.8,156,3,3,742,821,2722,12,6,16,1,0,0,2
798,1,0.5,1,7,0,2,0.8,148,2,15,497,627,3593,14,9,3,0,1,0,2
936,1,2.3,0,5,1,57,0.2,129,2,6,657,938,2049,12,8,5,1,1,0,1
1572,0,0.6,0,0,1,58,0.2,157,7,8,1109,1937,2462,12,8,10,1,0,0,3
1815,0,2.8,0,2,0,33,0.6,159,4,17,607,748,1482,18,0,2,1,0,0,1
1122,0,0.5,0,0,1,40,0.3,156,7,14,675,1163,1456,9,3,20,1,1,0,1
1577,0,0.5,1,0,1,42,0.3,197,5,4,1045,1737,2060,19,6,12,1,0,0,2
1778,0,1.4,1,3,1,45,1.0,132,4,17,88,516,1624,15,13,9,1,1,0,1
636,0,0.5,0,8,1,28,0.9,152,2,15,148,742,2927,15,6,3,1,0,0,2
1722,0,2.6,0,8,0,18,0.8,177,2,16,865,1741,3271,14,0,15,1,0,1,3
697,0,2.7,1,5,1,20,0.4,173,2,6,478,1477,259,12,6,4,1,1,1,0
1447,0,0.5,0,3,0,40,0.7,184,2,5,963,1062,471,8,4,20,0,0,1,0
868,0,1.7,0,0,0,30,0.8,83,4,0,276,1026,1653,11,7,17,1,0,0,1
658,1,2.7,0,0,1,12,0.9,103,7,3,1156,1750,3587,14,11,20,1,0,0,3
1431,1,0.5,0,0,1,56,0.6,191,1,1,156,952,461,7,3,8,1,0,0,0
814,1,1.1,1,2,0,41,0.8,177,2,10,1092,1406,1944,16,6,12,1,0,0,1
1413,0,0.6,0,0,1,13,0.1,128,1,0,1323,1481,515,5,0,18,1,1,0,0
921,1,2.2,1,12,1,10,0.1,170,7,18,1272,1469,3153,8,2,11,1,1,0,3
523,0,2.6,1,1,0,14,0.1,155,8,2,304,1042,1427,9,1,9,0,1,0,0
783,1,1.7,1,9,1,27,0.3,150,6,11,458,1263,1185,15,4,6,1,1,1,0
983,0,0.6,1,0,1,45,0.1,130,4,11,948,1205,2052,5,3,6,1,0,1,1
1552,0,1.2,0,10,1,53,0.3,180,8,18,430,658,2606,13,6,12,1,0,0,2
1983,1,0.5,1,3,0,43,1.0,87,6,10,349,676,2775,9,4,3,0,1,1,2
1650,0,2.3,0,0,1,38,0.7,89,1,1,773,881,324,14,10,2,1,1,1,0
1348,1,2.0,1,5,0,36,0.3,145,6,6,468,741,2554,19,1,12,0,1,0,2
673,1,2.2,1,2,0,3,0.4,84,2,9,1109,1247,2719,19,2,9,1,1,1,2
1271,1,0.5,0,12,0,32,0.1,113,7,15,1350,1949,445,15,14,14,0,0,1,0
1753,0,0.5,1,0,1,31,0.1,134,1,18,1590,1926,1324,17,0,17,1,0,1,2
1163,1,2.1,1,0,1,19,0.9,132,2,1,728,818,2940,13,0,15,1,0,1,2
704,0,2.2,1,4,0,53,0.2,186,6,6,251,1013,3653,7,1,15,1,1,1,2
1151,1,2.9,1,0,0,31,0.6,128,8,1,1022,1560,2377,18,8,13,0,1,0,2
1807,1,2.1,0,2,0,49,0.8,125,1,10,337,1384,1906,17,13,13,0,1,1,2
967,1,1.6,0,4,0,25,0.6,92,8,9,243,1642,3076,7,4,18,0,1,1,2
1337,1,2.7,1,0,0,5,0.7,200,4,1,161,1029,3242,10,1,20,0,1,0,2
1713,0,3.0,1,5,1,20,0.9,104,7,17,237,890,971,11,10,10,1,0,0,0
912,1,2.0,0,1,0,54,0.3,161,8,5,329,1053,2330,19,5,20,0,1,0,1
1867,0,2.3,0,0,1,9,0.1,191,6,3,712,1442,990,6,1,2,1,0,1,1
1154,0,2.0,0,6,1,35,0.8,159,5,16,1003,1827,3262,16,15,16,1,0,0,3
1177,0,0.9,0,1,1,29,0.4,191,2,8,178,882,311,18,5,19,1,0,0,0
1747,0,0.5,0,4,0,13,0.7,185,6,12,800,873,3105,7,1,10,1,0,0,3
921,0,0.6,1,1,0,60,0.1,83,2,3,1211,1229,1080,10,0,6,0,0,1,0
961,1,1.4,1,0,1,57,0.6,114,8,3,291,1434,2782,18,9,7,1,1,1,2
1615,1,2.8,0,3,0,9,0.9,117,1,13,542,678,2948,8,3,3,1,1,0,2
1156,0,0.5,0,6,0,61,0.1,89,7,9,1214,1262,1796,16,6,13,0,1,1,1
911,1,2.2,1,1,1,28,0.5,182,2,2,157,763,2638,8,4,13,1,1,1,1
1526,0,2.1,0,1,1,23,0.2,117,7,8,718,751,2227,18,10,3,1,1,0,2
1349,0,2.0,1,15,0,62,0.3,114,5,16,592,772,2756,11,3,4,1,0,0,2
1164,0,1.0,0,4,1,19,0.9,95,8,18,729,1704,3309,15,3,3,1,0,1,3
922,1,0.7,0,0,1,47,1.0,157,8,14,1295,1808,1464,17,4,12,1,0,1,1
687,1,1.3,0,9,1,50,0.6,151,4,20,584,1151,3416,14,6,8,1,1,0,3
557,1,1.6,0,0,0,24,0.5,125,3,0,1131,1315,1305,12,8,3,1,0,1,0
763,1,0.5,0,9,1,51,0.3,104,5,12,273,1278,2865,11,6,9,1,1,1,2
1159,0,2.7,0,13,1,28,0.2,80,8,18,378,751,2495,10,0,9,1,1,1,2
930,1,0.5,1,3,1,34,0.5,190,4,16,1050,1726,2131,7,2,6,1,0,1,2
767,0,0.8,0,7,1,10,0.5,107,4,12,517,1995,2317,6,0,12,1,1,1,2
615,1,2.5,0,0,0,10,0.8,131,6,9,1216,1786,2769,16,8,11,1,0,0,2
1923,0,1.0,1,5,1,14,0.9,154,4,6,15,525,2519,13,0,16,1,0,1,2
984,0,0.5,1,3,1,9,0.8,140,3,20,531,707,841,18,15,16,1,0,0,0
1968,0,0.9,0,0,0,22,0.8,115,3,7,861,1259,2323,9,8,7,0,0,1,2
1995,1,0.5,0,6,0,26,0.2,129,1,15,649,1104,1322,15,11,7,0,1,1,1
1859,0,0.5,1,3,0,22,0.7,164,1,7,1004,1654,1067,17,1,10,1,0,0,1
1686,1,2.8,1,3,0,38,0.1,166,4,4,397,1453,2958,14,11,2,0,0,0,3
541,1,2.3,0,4,0,51,0.4,200,8,17,1012,1226,403,11,2,12,0,0,0,0
1454,1,1.6,0,6,1,21,0.2,160,4,10,186,1100,719,14,10,10,1,1,1,0
1715,0,1.0,1,4,1,31,0.5,83,8,17,638,1615,625,17,6,13,1,0,0,0
560,0,0.5,1,15,0,50,0.3,159,2,20,1448,1613,2150,18,12,11,1,1,0,2
1002,0,0.8,1,0,1,35,0.5,83,2,4,1345,1416,1726,16,5,19,1,0,1,1
862,1,0.8,1,3,0,23,0.4,165,2,15,793,1758,278,16,3,11,0,0,1,0
1983,1,1.2,1,6,1,27,0.6,125,1,11,370,1197,3897,12,10,10,1,1,1,3
1975,1,1.9,1,2,0,31,0.9,151,1,17,775,1607,3022,13,5,19,0,0,1,3
866,0,0.5,1,5,1,46,0.5,179,8,7,692,1686,3825,12,11,2,1,1,1,3
732,1,2.3,1,7,1,39,0.6,188,7,11,1163,1554,3681,19,3,15,1,1,1,3
1086,1,1.7,1,0,1,43,0.2,111,6,1,56,1150,3285,11,5,17,1,1,0,2
1546,1,1.6,1,2,1,27,0.7,124,2,6,1138,1491,267,12,10,16,1,1,0,0
1694,0,1.8,0,0,0,53,1.0,186,6,0,1194,1208,1653,7,5,6,1,0,0,2
787,1,0.5,0,15,0,11,0.6,93,1,16,806,1423,2934,8,6,14,1,0,1,2
1406,0,0.5,1,2,1,34,0.8,98,3,5,1017,1366,3915,9,8,2,1,0,1,3
840,0,0.6,0,0,1,63,0.8,137,7,19,987,1081,3486,12,8,18,1,1,0,3
1065,0,1.7,1,4,1,48,0.3,162,6,8,1188,1948,265,8,0,12,1,0,0,0
1550,1,2.7,0,2,0,32,0.1,126,7,5,1541,1619,1571,12,3,14,0,0,0,2
1093,0,1.9,1,2,1,22,0.3,196,8,14,238,807,1869,8,5,4,1,1,1,1
1762,0,0.6,0,3,1,26,0.1,83,6,14,525,704,2661,9,7,4,1,1,0,2
1219,0,1.0,1,0,0,17,0.7,196,5,4,473,1022,705,11,3,6,0,1,1,0
994,0,1.2,1,4,0,40,0.9,164,2,17,296,839,3104,17,7,11,0,0,0,2
640,0,1.3,1,5,1,6,0.6,143,8,20,976,1353,2711,15,7,8,1,1,0,2
723,0,0.5,0,0,1,3,0.2,168,4,3,920,1748,1851,15,3,16,1,0,0,1
1448,0,1.4,1,13,0,26,1.0,156,3,16,1792,1850,1175,12,9,6,0,1,0,1
856,1,1.1,1,14,1,19,0.7,125,6,19,1057,1931,650,17,0,10,1,0,1,0
864,1,3.0,1,0,1,54,0.7,187,2,1,127,1670,3121,18,2,16,1,1,1,2
541,0,1.0,0,0,1,10,0.4,127,4,0,1836,1873,1019,19,9,15,1,1,0,1
516,1,0.7,1,1,0,30,0.9,138,1,12,126,698,3731,17,13,15,0,0,0,2
627,0,1.8,0,2,0,20,0.8,142,3,8,211,507,896,17,6,14,0,0,0,0
728,0,1.7,1,0,1,5,0.6,101,2,20,584,775,834,16,0,5,1,1,0,0
1779,1,2.6,1,2,0,5,0.8,90,1,3,1225,1717,1246,12,2,20,0,1,0,1
1844,1,2.3,1,1,0,51,0.7,158,8,3,533,882,1724,5,1,14,0,1,1,1
1193,1,3.0,0,10,0,56,0.4,196,3,17,674,864,2394,19,11,14,1,1,0,2
920,0,2.1,1,5,0,25,0.4,115,7,14,209,1078,785,10,7,5,0,1,1,0
1172,0,1.9,0,0,1,27,0.7,164,1,3,607,1092,1477,12,0,6,1,0,0,1
1979,1,2.9,1,0,1,19,1.0,176,3,9,1331,1532,411,8,2,2,1,1,1,0
1225,0,0.7,1,6,0,60,0.1,107,2,15,10,1567,2423,17,11,6,1,0,0,2
1772,1,0.5,1,3,0,64,0.7,116,8,15,270,545,1834,5,2,20,0,1,1,1
1719,1,2.0,0,0,0,12,0.3,122,8,7,240,904,462,6,3,5,0,0,0,0
1906,1,1.9,1,3,0,55,0.2,113,3,4,3,629,1871,13,5,4,1,0,1,1
1645,1,1.8,0,1,0,21,0.7,123,7,2,897,1308,783,10,8,20,1,0,0,0
623,0,1.4,1,0,1,15,0.2,189,3,1,778,844,3510,14,4,18,1,0,1,2
1674,0,2.8,1,0,1,52,0.2,89,3,7,1432,1649,2030,7,0,6,1,0,0,2
1313,1,1.8,1,4,0,9,0.4,105,1,6,416,1308,3791,11,10,6,0,1,1,3
501,1,0.5,1,14,0,22,0.5,174,6,20,239,1636,3077,17,3,17,0,0,0,2
912,0,0.7,0,3,0,47,0.9,182,3,6,724,794,1321,7,2,6,0,1,1,0
1807,0,0.8,1,0,1,38,0.2,97,8,0,1332,1814,1069,7,6,7,1,0,0,1
1358,1,0.5,0,11,1,36,0.3,155,4,14,1565,1858,3068,9,4,4,1,1,0,3
503,0,1.2,1,5,1,8,0.4,111,3,13,201,1245,2583,11,0,12,1,0,0,1
1814,0,1.4,1,1,1,9,0.4,141,2,2,756,786,3556,18,12,16,1,0,0,3
1590,0,1.9,1,3,1,21,1.0,160,5,18,920,963,1701,11,4,4,1,0,1,1
1236,0,0.9,1,2,1,57,0.1,188,1,14,517,809,1406,14,12,20,1,0,1,0
909,1,0.5,1,9,0,30,0.4,97,3,10,290,773,594,12,0,4,1,1,1,0
1412,1,2.4,0,5,0,25,0.8,96,8,17,516,1894,837,15,9,4,0,0,1,1
1521,1,1.6,0,5,1,62,0.3,143,1,9,678,1630,3555,5,2,19,1,0,0,3
1110,0,1.5,0,2,1,12,0.3,153,8,5,961,1950,624,9,7,15,1,0,0,0
1702,1,2.3,1,12,1,47,0.6,107,2,19,1284,1643,595,10,0,19,1,0,1,1
1541,1,1.5,1,6,1,5,0.5,109,4,10,536,1656,1795,7,3,4,1,1,1,1
1708,0,0.8,0,8,1,14,0.9,197,4,16,263,1345,1247,19,16,16,1,0,0,1
1923,0,1.3,0,3,0,24,1.0,86,4,4,874,1264,2479,9,2,15,1,1,0,2
1864,0,1.4,0,8,1,46,0.7,178,1,12,168,981,2686,11,7,18,1,1,1,2
1715,1,0.5,1,1,1,18,0.1,96,6,3,674,1375,2598,17,2,3,1,0,0,3
1562,0,0.5,1,1,1,20,0.8,172,8,10,678,1676,3465,16,11,6,1,1,0,3
1696,0,1.7,0,1,0,13,0.9,97,3,2,179,772,523,5,0,4,0,1,1,0
504,1,0.5,1,2,1,46,0.9,172,5,14,280,1795,2085,13,5,8,1,0,0,1
1998,1,1.2,0,8,0,31,0.6,196,8,19,50,1356,2311,17,9,18,1,1,0,2
1576,1,0.9,1,0,1,14,0.4,173,2,4,1213,1386,3220,17,2,6,1,1,0,3
769,1,1.2,0,2,0,17,0.1,95,8,4,1384,1454,1877,18,2,11,0,0,1,1
710,1,0.5,0,6,0,32,0.8,151,5,9,485,857,1419,12,11,18,0,1,0,0
1108,1,2.9,0,10,0,52,0.1,183,2,12,130,1706,3264,16,1,13,0,1,1,3
1234,1,1.6,1,1,0,33,0.6,172,1,3,166,778,1449,11,7,6,0,0,1,0
956,0,0.5,0,1,1,41,1.0,143,7,6,511,1075,3286,17,8,12,1,1,0,3
659,0,2.2,0,0,1,24,0.7,151,8,2,924,1877,3925,8,1,10,1,1,1,3
777,1,2.6,0,3,0,30,0.9,148,5,17,189,1143,3886,14,10,7,1,0,0,3
616,1,2.2,0,3,1,21,0.8,150,7,4,347,513,3267,17,9,19,1,0,0,2
1936,0,2.1,1,10,1,46,0.6,104,3,20,667,1036,2552,14,7,13,1,0,0,2
543,1,0.5,1,4,1,60,0.7,132,5,7,693,1031,933,14,0,5,1,1,0,0
1530,0,2.0,0,11,0,42,0.8,177,6,13,454,1975,725,11,10,19,0,0,1,0
614,0,1.7,1,0,1,58,0.2,128,7,2,22,519,3487,15,6,11,1,1,1,2
946,0,2.1,0,0,1,19,0.2,154,8,0,159,630,2104,7,4,16,1,1,0,1
1954,0,0.5,1,0,0,24,0.8,187,4,0,512,1149,700,16,3,5,1,1,1,0
807,0,0.5,0,9,0,8,0.3,158,5,20,667,697,1284,17,13,2,0,1,1,0
643,0,1.0,0,9,1,18,0.2,187,8,12,442,1079,2648,7,5,18,1,1,1,1
1989,1,2.9,1,8,0,17,0.1,193,8,15,629,682,2369,7,0,18,1,1,0,2
1054,1,1.8,1,3,1,40,0.8,196,7,10,27,774,2296,16,12,12,1,0,1,1
1638,0,1.0,0,6,0,2,0.2,189,1,11,440,563,2299,19,9,9,1,1,1,2
1657,1,2.4,0,3,0,42,0.1,198,5,16,1770,1796,2597,18,1,14,1,0,0,3
1610,1,2.9,0,7,1,64,0.9,181,4,12,1236,1280,941,8,4,9,1,1,0,1
822,1,0.5,0,0,1,51,0.3,157,6,20,667,860,3846,10,1,3,1,0,0,3
1987,1,0.5,0,3,1,53,1.0,181,3,7,1052,1516,3117,18,5,8,1,1,1,3
1935,0,0.5,0,0,1,29,0.6,124,5,9,806,860,455,9,2,6,1,0,1,0
1139,1,0.9,1,6,1,58,0.5,161,2,11,742,999,1850,9,4,8,1,0,0,1
1422,0,1.0,0,15,0,3,0.1,112,1,17,1,926,509,19,1,3,1,1,1,0
1018,0,2.2,0,8,0,16,0.6,153,8,10,992,1433,3143,17,12,20,0,1,0,3
1897,1,1.9,0,2,1,54,0.3,154,2,7,630,738,412,17,11,2,1,0,0,0
1487,0,1.5,0,5,1,42,0.8,120,2,7,857,989,2003,12,4,3,1,0,0,2
1076,1,2.6,0,3,1,38,0.7,119,6,8,129,915,891,18,3,9,1,1,0,0
1133,0,1.4,0,3,0,42,0.1,199,5,12,730,1543,1457,18,12,20,1,0,1,1
1462,1,1.7,1,1,0,25,0.2,182,7,18,91,1478,824,15,5,13,1,0,1,0
1731,1,1.4,1,4,1,4,0.5,163,6,18,809,1988,3892,5,1,4,1,1,1,3
504,1,0.5,1,5,0,16,0.1,166,1,9,767,1665,701,17,15,15,1,0,1,0
852,0,1.8,1,5,1,8,0.8,160,5,9,683,1349,315,7,6,20,1,0,0,0
1958,1,1.9,1,0,0,4,0.2,190,2,3,304,637,1409,16,5,3,0,0,0,1
1349,1,2.1,1,3,0,46,0.9,134,6,12,212,623,2367,11,7,10,1,0,1,1
1330,0,1.1,0,11,0,37,0.7,126,7,20,1103,1637,2166,10,1,4,1,0,0,2
1089,0,1.4,1,10,0,2,0.1,153,7,20,211,1409,2620,7,5,13,1,0,0,2
1484,0,3.0,0,3,0,12,0.6,134,3,5,916,969,1457,14,4,20,1,1,0,1
1564,0,1.4,0,5,1,26,0.1,129,6,16,117,1115,3742,13,3,13,1,1,0,3
885,0,2.3,1,0,1,15,0.4,103,7,0,769,802,1410,16,10,5,1,1,1,0
1034,0,2.6,1,2,1,45,0.3,190,3,4,182,1293,969,15,1,7,1,0,0,0
1953,1,2.1,1,7,0,56,0.1,158,8,9,555,764,2334,11,5,4,1,0,0,2
1735,1,1.9,1,0,1,59,0.7,148,6,0,137,846,3230,6,1,9,1,1,0,3
763,0,1.7,1,8,1,2,0.5,92,8,14,1028,1186,1050,6,4,8,1,1,0,0
635,1,0.6,1,1,1,50,0.3,97,5,13,193,989,2107,13,12,12,1,0,0,1
999,1,1.8,1,0,1,27,0.1,167,4,1,20,745,1344,17,10,5,1,0,0,0
1068,0,1.3,0,6,1,52,0.1,97,8,7,994,1500,1436,16,1,15,1,0,0,1
601,1,1.7,1,3,1,6,0.8,169,4,11,818,1827,2651,14,8,9,1,0,1,2
617,1,2.3,0,0,0,32,0.5,199,7,20,768,874,2213,18,13,7,0,0,0,1
1253,1,0.5,1,5,1,5,0.2,152,2,19,685,714,1878,15,0,4,1,1,0,1
826,1,2.4,1,0,1,58,0.3,88,4,1,179,786,2863,9,3,18,1,0,1,2
1642,0,0.5,1,16,1,8,0.3,171,6,17,129,873,2984,13,4,17,1,0,1,2
1654,1,1.5,1,0,1,43,0.3,109,2,0,546,629,3112,12,5,10,1,1,0,3
726,0,2.9,0,0,0,43,0.1,101,8,0,666,760,1446,17,2,8,1,1,0,0
1242,0,1.1,1,0,0,10,0.6,165,2,1,459,1225,1050,11,1,4,1,0,1,0
1528,1,1.8,1,3,1,55,0.8,129,5,6,454,1762,1282,11,9,11,1,1,1,1
790,0,0.5,1,7,1,44,0.1,89,8,8,1100,1437,3424,13,11,9,1,1,0,3
1380,1,2.1,1,1,1,4,0.8,92,3,13,420,500,797,13,2,15,1,1,0,0
536,0,2.4,1,12,1,3,0.3,182,7,14,1386,1539,284,12,9,4,1,1,0,0
1800,1,3.0,0,5,0,53,0.3,87,1,12,191,1108,656,14,10,18,0,0,1,0
1929,1,0.5,1,0,1,19,1.0,163,6,2,349,1051,1913,12,7,6,1,1,0,1
668,0,2.9,1,7,0,30,0.2,195,8,12,522,1056,2399,10,5,7,1,1,1,1
1589,1,0.6,1,0,1,58,0.9,85,7,7,319,1206,3464,19,10,6,1,1,1,3
1412,0,0.6,0,9,0,57,0.2,86,3,10,2,660,1853,15,10,18,0,0,1,1
641,1,1.1,0,0,1,7,0.9,192,1,3,417,759,3595,7,5,19,1,1,1,2
1436,1,2.4,1,3,1,23,0.3,106,5,4,189,1411,2488,8,4,8,1,0,0,2
1090,0,1.3,1,5,0,27,0.1,91,4,16,1638,1910,1352,5,1,11,0,1,0,1
748,1,1.7,0,0,1,27,0.9,150,8,4,450,1554,2126,18,9,7,1,0,0,1
708,1,2.7,1,0,1,63,1.0,195,8,7,78,654,2169,6,5,7,1,1,1,1
1289,0,0.9,0,10,1,25,1.0,178,6,12,765,899,1043,6,2,11,1,1,0,0
1044,0,1.8,0,4,1,12,0.7,104,6,5,1230,1263,1794,18,7,19,1,1,1,1
1664,1,2.9,1,9,1,15,0.5,177,7,19,1178,1929,1968,12,7,9,1,0,0,2
1057,1,2.7,0,3,1,41,0.1,97,4,10,397,891,2033,16,9,2,1,1,0,1
657,0,2.5,0,0,0,37,0.7,141,2,1,476,961,1412,14,3,18,0,1,0,0
816,0,3.0,1,2,0,9,0.1,117,1,3,1196,1651,3851,10,3,14,1,0,1,3
894,0,2.1,1,16,0,16,0.7,168,8,20,286,1300,3377,5,1,6,1,1,1,2
504,1,2.8,1,2,0,54,0.4,163,2,10,1207,1539,2378,17,11,2,1,0,0,2
1939,1,2.8,1,0,1,55,0.6,199,4,10,320,520,1047,14,10,18,1,1,0,0
1654,0,1.8,0,1,0,11,0.3,146,7,2,1184,1719,1070,8,1,14,1,1,1,1
797,1,2.9,1,4,0,38,0.5,90,4,6,763,1413,590,9,2,6,0,1,0,0
1203,1,0.5,1,0,1,11,0.9,109,2,12,35,510,1672,17,13,19,1,1,0,0
708,0,1.9,0,0,0,26,0.3,116,7,1,206,620,1419,10,6,16,1,1,1,0
1496,1,1.9,1,13,0,38,0.1,126,4,14,501,506,1927,17,4,6,0,0,1,1
1248,0,2.4,0,6,1,9,0.4,89,3,8,71,1686,2454,9,8,13,1,1,0,2
962,0,1.0,1,14,0,2,0.9,125,1,20,1618,1916,1491,16,2,14,1,0,0,1
502,0,0.8,0,7,0,52,1.0,82,6,8,281,1159,2666,5,4,20,1,1,0,2
1911,1,2.0,0,7,1,64,0.6,163,8,8,1795,1958,3872,9,8,11,1,1,0,3
1373,1,1.9,1,1,1,29,0.9,141,6,12,1220,1348,2752,15,2,7,1,1,1,3
1896,0,0.5,1,8,1,7,0.4,141,2,13,447,794,3684,9,7,18,1,0,0,3
1799,1,0.5,0,0,0,49,0.4,107,4,2,632,1383,720,12,2,11,1,1,1,0
1762,0,0.7,0,7,0,60,0.1,157,4,10,643,790,1380,14,5,14,1,0,0,1
730,0,2.1,1,0,1,4,0.1,89,8,2,302,1247,1210,19,15,4,1,1,1,0
1314,1,2.2,0,0,1,40,0.8,116,7,1,328,1858,3033,9,8,17,1,1,1,3
1308,0,1.3,1,8,0,46,0.9,199,1,12,275,989,488,5,3,9,0,1,0,0
590,1,1.2,1,0,0,32,0.4,141,6,1,227,509,1817,10,0,6,0,1,0,0
1694,1,0.6,0,0,1,34,0.3,102,7,7,377,549,2298,17,5,2,1,1,0,2
835,0,1.1,1,2,0,7,0.2,101,4,7,323,1604,1181,13,5,15,1,1,1,0
915,1,0.5,1,9,1,33,0.3,199,2,16,503,986,2156,7,3,13,1,1,0,1
858,0,2.2,0,1,0,50,0.1,84,1,2,528,1416,3978,17,16,3,1,1,0,3
1322,0,1.7,1,6,0,7,0.8,140,3,9,177,1990,1418,19,17,12,0,1,0,1
1310,1,2.2,1,0,1,51,0.6,100,4,0,178,1919,3845,7,0,12,1,1,0,3
1714,0,0.5,1,7,0,31,0.4,120,2,10,287,627,3707,5,1,19,0,0,1,3
1003,1,2.9,0,16,1,16,0.6,119,8,19,190,1905,1798,16,7,10,1,0,0,1
1747,1,0.9,0,6,1,48,0.7,94,3,19,947,1131,2362,17,2,19,1,1,0,2
696,0,0.5,0,6,0,51,0.3,197,3,8,649,907,2630,18,8,9,0,0,1,1
1872,1,0.5,1,14,0,49,0.2,139,7,18,81,1389,3153,16,15,5,1,1,0,3
834,0,0.5,0,2,1,27,0.2,123,1,16,1421,1463,1591,11,9,20,1,1,0,1
842,0,2.2,0,1,0,7,0.6,188,2,2,20,756,2549,9,7,19,0,0,1,1
818,0,0.5,1,2,1,23,0.2,192,5,17,586,1552,2518,19,12,3,1,1,0,2
745,1,0.6,1,5,0,35,0.8,102,8,10,89,1538,2459,14,1,16,1,1,0,1
1970,0,1.6,1,11,1,58,0.3,80,8,19,654,882,2372,14,12,2,1,1,0,2
882,0,0.7,1,9,1,28,0.2,151,6,16,248,884,751,19,11,8,1,0,1,0
1510,1,0.9,1,2,0,45,0.9,180,5,3,708,1752,3484,9,6,11,0,1,1,3
609,1,0.5,0,4,1,10,0.1,81,6,6,113,1524,1905,16,3,18,1,1,1,1
706,0,0.5,0,13,1,31,0.1,108,3,19,543,938,2419,8,7,4,1,0,1,1
1392,0,2.5,0,0,1,44,0.7,113,4,2,482,1098,1280,8,1,16,1,0,1,1
1720,1,0.7,1,0,0,19,0.1,137,2,3,409,646,1222,13,2,7,0,0,0,1
774,1,0.6,1,2,1,8,0.4,136,1,4,1713,1865,2614,7,0,14,1,1,1,2
1467,1,0.5,0,0,0,18,0.6,122,5,0,888,1099,3962,15,11,5,1,1,1,3
1602,0,2.7,0,4,1,46,0.6,118,1,5,273,1062,1862,16,9,2,1,0,1,1
1856,0,0.5,1,0,1,24,0.1,155,5,1,277,1155,2052,17,6,10,1,1,0,2
742,1,2.3,0,0,0,21,0.7,104,8,1,875,925,331,11,8,7,1,0,0,0
1582,0,2.8,0,2,1,44,0.5,112,6,13,1486,1797,3890,17,10,10,1,1,1,3
990,1,2.7,1,3,0,15,0.9,153,2,7,1466,1717,2698,11,8,6,1,0,0,2
1365,0,0.6,0,0,1,31,0.3,125,4,0,293,970,1300,14,7,13,1,0,1,0
1004,0,1.6,1,0,1,30,1.0,160,8,1,62,581,1012,7,4,13,1,1,1,0
832,0,0.7,1,2,1,39,0.7,103,4,3,125,1504,1799,5,2,11,1,0,1,1
1348,0,1.3,0,0,0,43,0.4,116,5,6,204,501,3914,10,3,8,1,0,1,3
871,0,0.6,0,2,0,52,0.1,178,3,3,194,1437,437,14,7,17,1,0,0,0
1161,0,1.3,1,0,1,21,0.6,126,8,12,308,1169,3336,6,4,14,1,0,1,3
1156,1,1.2,1,0,1,50,0.8,159,2,0,322,547,470,7,0,15,1,1,0,0
1829,1,0.5,0,0,1,15,0.4,160,5,7,729,1267,2080,16,11,12,1,0,1,2
1332,0,1.3,1,5,1,7,0.8,168,7,19,846,855,2790,19,11,10,1,1,0,2
1634,1,1.4,0,1,1,17,0.2,200,2,5,964,1677,3031,11,6,6,1,1,1,3
1101,0,1.8,0,0,0,31,0.2,148,2,7,387,1269,2196,12,6,19,0,1,1,1
1375,0,0.5,1,2,1,35,0.1,194,2,3,227,772,1947,15,13,15,1,1,1,1
1874,1,2.7,1,10,0,8,0.9,166,7,13,964,1233,1246,8,1,2,0,0,1,1
1987,1,1.9,0,0,0,50,0.7,119,8,18,960,1925,857,12,4,6,1,1,0,1
696,1,2.4,0,11,1,35,0.2,103,3,13,533,797,2022,14,11,4,1,0,1,1
925,1,2.1,0,9,0,56,0.2,196,1,14,1262,1520,2466,8,0,5,1,0,0,2
808,1,0.5,1,3,0,46,0.5,105,8,15,119,529,1082,15,5,10,1,0,1,0
759,0,2.5,0,3,1,39,0.3,162,2,8,110,1317,968,6,2,2,1,0,0,0
676,0,2.2,0,1,1,39,0.2,84,1,5,864,1011,2064,13,7,6,1,0,0,1
509,1,0.6,1,2,1,9,0.1,93,5,15,1137,1224,513,19,10,12,1,0,0,0
1172,1,2.1,1,4,0,41,0.1,95,3,7,1314,1884,1107,7,3,5,0,0,0,1
863,0,1.6,1,5,1,6,0.7,133,4,13,717,1799,520,10,2,18,1,0,1,0
1559,1,1.6,1,6,1,6,0.5,162,6,17,179,1559,3352,9,1,3,1,1,1,3
1132,0,1.0,0,0,0,8,0.1,157,1,4,1091,1293,1950,11,2,6,0,1,1,1
788,0,2.5,1,4,1,57,0.9,91,8,12,42,1161,3969,12,8,6,1,1,1,3
816,1,0.5,0,4,0,14,0.9,198,3,13,149,558,1018,17,10,15,1,0,0,0
1485,0,2.8,0,3,1,44,0.1,138,4,14,341,774,3271,14,12,8,1,1,0,3
1454,0,2.6,0,8,0,6,0.4,199,3,20,698,1018,1300,10,0,2,0,0,1,1
581,0,0.6,0,5,1,56,0.2,180,2,10,523,565,354,10,4,13,1,1,1,0
1433,0,1.6,0,7,0,4,0.7,133,8,11,281,799,258,11,9,4,1,1,1,0
574,1,3.0,0,1,1,30,0.9,126,2,3,94,1334,1167,5,3,19,1,0,0,0
1031,1,2.1,1,2,1,11,0.1,121,2,9,532,1247,2385,11,7,16,1,0,0,2
1910,1,1.7,0,0,0,34,0.6,115,2,0,985,1284,309,8,4,10,0,0,1,0
581,0,2.2,0,0,0,59,0.7,185,5,6,803,1613,2819,19,17,9,0,0,1,2
1648,1,0.5,0,1,1,17,0.9,142,2,3,1119,1238,1184,6,2,2,1,0,1,1
1786,0,1.2,0,11,0,61,0.1,123,3,14,74,865,3033,14,11,17,0,1,0,3
1064,0,2.9,1,1,1,34,0.2,184,6,13,1175,1569,654,16,13,6,1,0,0,0
1303,0,1.0,1,0,1,15,0.1,138,3,10,229,1604,2574,12,4,14,1,1,1,2
1350,1,0.5,1,0,1,50,0.8,181,8,4,369,544,2287,15,1,8,1,1,0,1
805,1,1.7,1,0,1,58,0.9,168,3,10,81,1544,3397,7,6,2,1,0,0,2
1519,0,2.9,0,2,0,30,0.7,112,7,8,1122,1702,2440,9,5,10,1,1,1,2
844,0,2.2,1,1,1,22,0.9,197,7,2,777,1995,3154,14,11,7,1,0,0,3
1414,0,0.5,0,0,1,15,0.8,168,2,0,294,1233,1069,18,6,14,1,0,0,0
987,0,2.0,1,1,0,20,0.8,192,7,3,412,565,1454,11,3,8,1,1,0,0
1154,0,0.5,0,12,1,14,0.7,156,7,14,251,1801,587,8,3,4,1,1,1,0
1187,1,2.2,0,0,1,46,0.4,145,2,9,1173,1814,3917,13,11,8,1,0,1,3
600,0,2.5,1,8,1,22,0.1,145,1,11,207,1162,3441,19,1,5,1,0,0,2
826,1,2.4,1,14,1,57,0.6,117,2,17,1077,1183,1907,15,14,5,1,0,0,1
879,0,1.5,1,0,1,21,0.8,187,4,2,463,1038,2927,14,13,11,1,0,1,2
892,1,0.5,0,0,1,47,0.4,94,1,18,655,1782,1241,12,3,9,1,0,1,1
1520,0,0.5,0,1,1,24,0.7,199,5,8,109,1909,3233,13,3,4,1,0,1,3
1159,1,2.8,0,5,1,18,0.5,83,1,7,681,723,2246,8,1,3,1,1,0,1
1218,1,2.8,1,3,0,39,0.8,150,7,14,1122,1746,1667,10,0,12,0,0,0,1
1359,0,0.6,0,4,0,59,0.3,86,2,6,1692,1902,3142,19,3,17,0,1,1,3
1128,1,0.5,1,6,0,33,0.6,147,8,7,938,1226,1440,17,15,19,1,0,0,1
565,0,0.6,1,1,0,50,0.1,158,2,8,543,703,2156,13,6,6,1,1,1,1
1522,0,2.2,0,4,0,21,0.7,162,6,11,533,1696,3767,15,9,16,0,0,1,3
761,1,0.5,0,9,0,3,0.8,196,7,15,1325,1945,2248,19,3,15,1,1,1,2
1603,1,0.5,1,1,1,17,0.5,114,2,8,430,1207,1637,17,3,11,1,0,1,1
1969,0,0.8,1,5,1,7,0.2,85,8,20,332,764,315,16,7,7,1,1,0,0
1670,1,1.6,1,0,0,47,0.8,139,8,15,1706,1886,876,16,0,5,1,1,0,1
1181,0,2.3,0,12,1,61,0.6,116,2,16,385,831,2020,6,0,18,1,1,0,1
1103,0,1.0,1,6,0,29,0.7,111,6,8,990,1486,1837,8,7,16,0,1,1,1
1271,0,1.5,1,0,0,2,0.9,161,1,1,1260,1788,892,15,13,20,0,1,0,1
839,0,2.0,1,0,0,14,0.4,175,7,3,564,1391,3835,15,8,11,1,0,0,3
1602,0,0.6,0,12,0,58,0.4,170,1,13,1259,1746,3622,17,2,17,0,1,1,3
675,0,2.3,0,10,0,60,0.9,144,5,15,192,757,1735,7,0,13,1,0,1,0
1028,1,2.8,0,1,1,30,0.1,193,1,10,1801,1923,1424,18,4,13,1,0,1,1
987,0,1.3,1,0,1,61,0.4,107,3,9,581,820,3963,9,4,20,1,0,1,3
1652,1,1.1,1,1,0,36,0.7,89,4,5,313,1264,2338,12,8,20,0,0,0,2
1396,0,1.5,1,0,1,44,0.1,118,6,1,173,1843,1386,7,1,8,1,1,1,1
743,0,0.5,1,0,1,33,0.3,95,2,1,1587,1659,316,19,10,4,1,0,0,0
1996,1,2.8,1,0,1,7,0.1,138,5,4,937,1083,1258,17,14,16,1,0,0,1
1808,1,0.5,1,1,0,31,0.5,92,2,16,714,1208,2736,9,1,8,0,0,1,3
514,1,1.6,0,7,1,37,0.1,172,1,9,956,1723,3392,12,8,5,1,1,1,3
1062,1,2.5,1,6,0,10,0.9,160,1,13,1596,1807,3803,7,3,16,0,0,1,3
534,0,0.5,1,4,0,2,0.2,85,5,16,911,1220,2466,5,3,18,0,1,1,2
1182,0,0.5,0,7,1,8,0.5,138,8,16,275,986,2563,19,17,19,1,0,0,2
1375,1,1.1,0,3,1,9,0.9,145,7,19,475,726,3869,19,18,10,1,1,1,3
1632,1,1.4,0,0,0,41,0.1,132,4,1,706,1623,2614,5,4,15,1,0,0,2
1698,0,2.5,0,10,1,26,0.4,105,2,18,485,1819,1656,5,3,17,1,0,1,2
902,1,0.6,1,0,0,63,0.7,122,5,14,364,1360,3654,18,8,15,0,1,1,3
1549,1,1.8,1,0,0,62,0.7,91,4,4,167,990,799,7,3,9,1,0,1,0
1330,1,1.3,1,14,0,3,0.3,83,5,17,980,1262,463,14,6,11,0,0,1,0
1497,1,0.9,1,4,1,10,0.1,153,8,20,98,977,3696,9,0,3,1,0,1,3
1237,1,2.5,0,7,0,13,0.8,98,4,12,18,1004,2528,11,8,16,0,0,0,2
794,0,2.5,1,15,0,14,0.6,197,3,19,312,1376,2171,19,8,18,0,0,1,1
568,0,2.0,0,1,0,36,0.3,179,3,4,181,1703,950,17,9,9,1,0,0,0
534,0,0.5,1,0,1,16,1.0,189,5,1,393,1199,3926,16,12,20,1,0,0,3
1097,0,0.8,0,10,1,21,0.1,160,7,15,1277,1352,2219,15,6,12,1,0,1,2
790,0,2.0,1,16,1,11,0.3,87,6,17,347,730,3169,6,1,2,1,0,1,2
808,0,0.5,1,0,0,8,0.1,192,4,1,618,1891,3762,15,9,12,1,0,1,3
1724,0,2.0,1,2,1,57,0.5,177,3,5,1605,1924,2822,19,3,16,1,1,0,3
1035,1,2.7,0,1,0,40,0.2,157,5,15,757,1912,3548,14,4,5,0,1,1,3
582,0,0.5,0,8,0,32,0.7,107,3,11,1043,1702,2977,6,1,20,0,1,1,2
1918,0,2.8,0,1,0,22,0.3,139,1,5,381,1203,1369,9,6,6,0,1,1,1
947,1,0.5,0,1,1,51,0.1,144,2,15,193,887,2915,17,1,6,1,1,1,2
1367,0,2.9,0,4,0,56,0.8,176,2,6,36,642,299,6,2,10,0,1,0,0
514,1,0.7,0,4,0,57,0.1,186,3,7,168,1320,687,6,0,20,1,1,1,0
860,1,1.3,1,8,1,40,0.7,170,3,13,1573,1581,2832,13,7,20,1,1,1,2
1759,1,1.4,0,10,1,15,0.4,101,4,13,382,1163,2107,18,5,16,1,1,0,2
1976,1,2.6,1,6,0,45,1.0,136,4,19,652,1933,2470,11,1,3,0,0,0,3
1260,1,2.0,1,2,1,23,0.2,123,7,10,905,1313,2208,12,11,10,1,0,1,2
618,0,2.1,0,2,0,6,0.3,86,1,4,1314,1688,1051,13,10,15,0,0,1,0
1129,1,2.8,1,0,0,49,0.5,185,2,2,1070,1079,1857,8,4,5,1,1,1,1
1453,0,1.6,1,12,1,52,0.3,96,2,18,187,1311,2373,10,1,10,1,1,1,2
603,1,2.5,1,3,0,35,0.7,126,3,16,692,1057,3703,13,1,9,0,0,1,3
987,1,2.3,0,9,0,17,0.8,124,7,17,887,1274,3885,11,0,14,1,1,0,3
665,1,0.7,0,0,1,31,0.1,185,5,2,496,1804,690,5,2,15,1,0,0,0
852,1,1.6,1,6,1,54,0.4,147,5,7,538,730,1275,13,7,12,1,0,1,0
1854,0,3.0,0,2,1,8,0.1,101,5,5,506,627,1886,17,4,20,1,1,0,1
672,0,0.5,0,7,1,35,0.1,99,8,17,574,1267,1403,16,7,6,1,0,0,0
1816,1,1.6,1,0,0,50,0.1,186,5,2,800,1089,3637,11,7,16,0,0,1,3
1433,1,2.3,0,8,1,27,0.9,153,7,12,1619,1651,3900,18,16,2,1,0,1,3
1444,1,2.1,1,0,0,6,0.9,103,1,1,1274,1340,712,17,5,10,0,0,0,0
934,0,2.0,1,2,0,30,0.7,182,8,15,521,1190,703,10,8,7,0,0,1,0
1926,1,1.7,1,1,1,33,0.4,172,3,2,982,1157,2488,6,1,14,1,0,0,2
1807,1,0.5,1,2,1,61,0.1,134,6,6,1734,1968,3726,8,5,15,1,0,0,3
1266,0,2.6,0,1,0,18,0.4,86,7,2,1187,1595,398,16,8,3,1,1,1,0
1727,0,2.1,0,2,1,63,0.6,85,7,8,1463,1992,2457,19,13,7,1,0,1,3
652,0,0.5,1,1,0,58,0.6,142,3,2,464,781,565,18,12,9,0,0,1,0
1264,0,2.9,1,2,1,34,0.2,171,3,3,562,849,419,7,4,3,1,1,1,0
1721,1,0.5,1,4,1,33,0.5,128,4,5,871,1048,707,19,2,5,1,1,1,0
1330,0,0.5,0,0,0,38,1.0,183,7,1,1290,1441,1733,9,0,11,1,0,1,1
1004,1,2.9,1,0,0,35,0.2,141,6,9,901,1162,3772,17,8,18,0,1,1,3
1547,1,2.9,0,2,0,57,0.4,114,1,3,347,957,1620,9,2,19,0,1,1,1
1194,0,2.3,0,6,1,34,0.2,165,2,12,494,509,313,15,1,19,1,1,0,0
1268,1,2.9,0,9,1,42,0.9,182,6,17,360,912,931,11,5,20,1,1,0,0
1045,1,1.2,1,3,1,40,0.1,175,6,7,1078,1564,2137,11,8,12,1,0,1,2
1330,1,1.8,1,1,0,40,0.5,177,1,5,194,892,2678,9,4,14,1,1,1,2
1000,0,2.7,0,1,1,58,1.0,135,5,12,461,833,862,7,0,20,1,0,0,0
1061,1,2.1,0,3,1,52,0.1,109,7,4,138,1330,999,16,12,9,1,1,0,0
1820,1,1.4,0,5,0,51,0.9,163,7,10,202,1884,2481,11,9,11,0,0,0,2
518,1,2.4,0,0,1,62,0.6,128,6,0,489,710,2514,16,12,7,1,1,1,1
1775,1,1.5,0,3,0,41,0.1,163,1,7,1633,1869,2343,19,13,14,1,1,1,3
1070,1,3.0,0,9,0,19,0.8,160,7,16,90,1614,2647,14,13,20,0,1,0,2
1197,1,0.5,1,9,0,20,0.1,129,5,10,214,1710,2885,19,7,14,1,1,1,2
1590,0,1.5,1,12,1,14,0.5,187,4,15,1058,1109,2836,6,5,4,1,0,0,3
1744,0,2.8,0,0,1,62,0.7,158,1,0,621,1558,345,10,6,14,1,0,0,0
1372,1,2.7,0,7,0,34,0.4,193,4,17,687,937,725,11,3,20,1,0,0,0
1745,0,1.5,1,4,1,57,0.1,159,3,16,1164,1908,2885,13,11,5,1,1,1,3
980,1,0.5,0,0,1,33,0.9,160,6,0,1008,1758,2268,7,5,4,1,1,0,2
1583,0,1.2,1,0,0,14,0.2,148,2,4,1171,1673,2498,13,6,8,0,0,1,2
1318,0,1.9,1,0,1,11,0.8,188,2,15,688,1591,1780,12,10,2,1,0,0,1
1180,1,2.5,0,0,1,27,0.1,90,6,1,168,540,348,7,5,19,1,1,1,0
912,0,0.5,1,0,0,58,0.3,107,5,1,165,1723,3573,17,3,20,1,1,0,3
1569,1,1.6,1,4,1,54,0.9,190,4,6,371,665,3905,6,2,4,1,0,0,3
1878,1,0.5,0,9,0,29,0.6,85,8,19,210,1026,1334,18,7,2,0,0,0,1
1822,0,1.2,0,0,0,8,0.2,195,6,0,172,910,2577,9,5,8,1,1,0,2
1981,1,1.9,1,13,0,45,0.3,175,6,18,193,1234,1380,10,1,13,0,1,0,1
1512,1,1.7,0,12,0,6,0.7,162,7,17,205,884,2335,15,7,7,1,1,1,2
1283,1,1.6,1,4,0,47,0.9,93,5,5,372,692,2698,9,6,17,1,1,0,2
819,0,0.6,1,8,1,42,0.9,188,6,20,339,1242,1814,5,4,13,1,0,1,1
1670,1,3.0,0,14,0,62,0.5,114,8,20,1117,1330,3024,6,0,20,0,0,1,3
972,1,1.7,0,0,1,54,0.7,107,3,4,681,1050,1900,16,8,19,1,0,1,1
1479,0,0.5,0,8,0,19,0.6,156,3,10,180,1476,3323,13,12,6,1,0,1,3
947,0,0.8,1,0,1,22,0.1,197,2,13,1176,1220,2842,16,12,2,1,0,0,2
864,0,1.7,0,3,1,35,0.3,103,3,7,663,1805,1904,12,8,13,1,1,1,1
1285,0,0.8,1,4,1,11,0.8,199,5,7,1791,1896,3966,17,15,2,1,1,1,3
539,0,1.5,0,6,1,26,0.2,137,6,8,1123,1709,3948,18,11,15,1,1,1,3
1339,1,0.5,1,10,1,21,0.5,80,4,11,833,1441,867,8,3,3,1,1,0,0
1770,0,2.3,1,0,0,7,0.8,128,7,6,886,1552,1480,6,1,17,1,0,0,1
799,1,2.3,0,1,1,63,0.8,144,8,6,361,975,431,15,6,6,1,1,1,0
1023,1,2.3,1,5,1,30,0.2,80,8,7,5,1744,2086,10,0,19,1,1,1,1
1554,0,2.7,1,3,1,47,0.7,185,5,12,319,1367,509,12,3,19,1,0,0,0
1143,0,1.2,1,1,1,22,1.0,125,3,6,1116,1724,1214,12,5,16,1,1,0,1
1142,1,1.2,0,0,0,2,0.6,114,6,0,623,769,1747,7,0,14,0,1,0,1
1839,1,1.2,0,9,1,54,0.5,200,7,11,475,1493,927,19,10,18,1,0,1,1
589,1,2.3,1,1,0,61,0.6,160,4,10,429,815,2113,13,7,2,1,0,1,1
733,0,0.8,0,7,0,16,0.4,138,4,12,202,1787,2648,12,0,19,1,1,0,2
638,0,1.7,1,11,0,27,0.5,102,4,17,1171,1383,2735,7,2,9,1,1,0,2
628,1,1.8,0,5,0,60,0.2,87,6,6,1047,1534,1337,12,7,14,0,1,0,1
599,1,2.9,0,0,1,64,0.3,186,8,1,103,646,3396,5,3,7,1,0,0,2
1068,0,0.7,1,9,0,51,0.5,124,4,15,1405,1910,550,12,8,6,1,1,0,0
1494,0,2.4,0,6,1,3,0.9,93,7,17,944,1003,1208,14,13,17,1,1,0,1
1884,0,2.1,1,7,1,43,0.8,185,1,18,451,819,3619,14,8,7,1,1,1,3
1523,1,2.4,0,5,1,57,0.2,117,2,6,247,539,3971,18,12,10,1,1,1,3
959,1,1.7,0,15,0,13,0.4,155,4,16,87,736,3328,10,9,10,1,1,1,2
965,1,1.5,1,5,0,13,1.0,109,2,14,130,998,1138,9,8,10,0,1,0,0
1713,0,2.5,1,1,0,27,0.9,127,7,3,729,974,2406,13,10,20,1,0,1,2
1149,1,2.2,0,4,0,30,0.2,106,6,5,1617,1675,3755,17,14,8,1,0,0,3
713,0,1.4,1,4,0,53,0.8,98,1,17,123,1477,1462,19,18,13,1,0,1,0
1776,1,2.1,1,10,0,35,0.1,172,4,16,278,623,1813,16,13,20,1,1,1,1
503,0,2.5,0,3,0,57,0.6,185,6,11,778,1291,305,11,8,16,0,0,1,0
914,1,0.9,0,2,0,4,0.8,100,2,12,191,1495,808,11,7,5,1,1,0,0
1396,0,2.4,1,0,0,46,0.1,138,7,1,1191,1347,2389,7,3,15,0,0,1,2
1368,1,1.6,1,4,0,9,0.1,115,7,7,843,1145,2941,13,12,17,0,1,0,3
1183,1,0.5,1,3,1,48,0.1,120,8,12,268,1010,1152,8,3,3,1,0,0,0
1919,0,1.5,0,5,1,48,0.8,150,4,6,304,1191,1391,19,13,12,1,0,1,1
1900,1,2.3,0,1,1,18,0.2,89,7,9,1055,1661,2871,12,1,13,1,1,1,3
715,0,2.3,1,4,0,48,0.1,160,4,6,21,562,3709,14,2,10,0,0,0,2
1259,0,1.2,1,0,0,13,0.5,97,2,0,1210,1989,340,17,13,4,1,0,1,0
1130,1,2.5,0,4,1,58,0.1,132,5,14,88,1261,1018,17,1,16,1,0,0,0
1836,1,2.1,1,0,1,30,0.2,184,7,15,276,1230,3072,7,3,5,1,1,0,3
772,0,1.0,1,0,1,23,0.6,97,7,11,317,1805,2782,7,0,17,1,0,0,2
1309,0,1.1,1,0,0,33,0.5,100,4,14,557,1402,2334,10,1,11,1,0,1,2
994,1,2.8,1,0,0,56,0.5,173,3,3,491,530,3190,5,2,20,1,1,1,2
1206,0,3.0,1,10,1,30,0.6,127,3,13,1581,1713,1825,7,1,4,1,0,1,2
1802,0,2.7,1,0,1,10,0.6,101,7,9,253,590,696,14,7,3,1,1,0,0
558,1,2.8,0,1,1,49,0.8,142,5,4,997,1605,392,10,5,8,1,1,1,0
1846,1,0.6,0,1,0,19,0.7,159,1,2,83,773,1333,15,6,11,0,1,1,1
1724,1,1.8,0,0,1,9,0.8,100,2,1,655,828,3056,18,16,6,1,0,0,3
1039,0,0.5,1,8,0,47,0.2,130,8,9,384,1878,1742,18,12,15,1,0,0,1
1520,1,2.2,0,5,1,33,0.5,177,8,18,151,1005,3826,14,9,13,1,1,1,3
1476,1,1.2,1,0,1,55,0.1,171,4,5,1641,1666,1529,13,8,3,1,0,1,2
1191,0,1.3,1,16,1,26,0.8,84,1,20,681,683,1604,14,3,9,1,0,1,1
1449,0,0.8,1,3,1,10,0.2,144,1,12,1518,1883,1032,10,0,8,1,1,1,1
530,0,2.4,0,1,0,32,0.3,88,6,20,48,1012,959,17,7,6,0,1,0,0
1673,1,1.6,0,2,0,42,0.5,182,5,6,214,679,3094,12,4,20,0,0,0,2
1940,1,0.9,1,4,0,17,0.7,93,5,7,112,858,2297,14,6,8,0,1,0,2
1232,0,1.2,0,12,0,30,0.9,131,6,14,625,761,1656,8,4,15,1,1,1,1
1083,1,2.9,1,1,1,39,1.0,173,8,2,523,542,3248,8,6,6,1,0,1,2
1567,0,0.5,1,3,0,22,0.5,119,6,6,545,1621,2312,9,1,18,1,0,0,2
623,0,2.0,0,2,0,6,0.1,127,3,4,144,672,3657,17,3,19,1,1,0,2
1481,1,0.7,1,4,1,37,0.6,96,5,13,116,1533,2945,10,5,16,1,1,1,2
899,1,2.7,0,3,1,53,0.3,192,4,11,641,1638,2870,19,16,10,1,0,1,2
793,1,1.9,1,0,1,43,0.3,124,8,2,15,1196,1050,11,9,3,1,1,1,0
728,0,2.7,1,0,0,25,0.2,88,4,1,526,1529,2039,5,1,12,1,1,1,1
811,1,2.4,1,5,1,2,0.3,106,6,13,333,1429,2111,18,7,2,1,0,1,1
608,1,0.5,1,0,0,64,0.9,94,4,0,4,1351,2517,16,8,7,1,1,1,1
1960,1,2.1,0,1,0,7,0.2,165,7,9,868,877,3773,11,9,6,0,1,1,3
1748,0,1.7,1,6,1,14,0.5,146,3,7,859,1234,3968,16,12,3,1,0,1,3
1339,1,2.3,1,0,0,40,0.1,123,2,1,212,1269,2382,6,4,7,1,0,1,2
950,1,0.5,0,9,0,55,0.1,156,5,10,774,843,1095,14,12,13,0,1,0,0
827,0,1.1,1,2,1,18,0.9,160,2,16,448,821,1663,14,0,17,1,1,1,0
926,1,0.8,0,6,1,59,0.8,161,7,14,84,793,256,18,7,2,1,0,1,0
891,0,0.5,1,9,1,25,0.3,196,2,19,375,1724,2073,7,1,10,1,0,1,1
1039,0,0.6,0,5,1,6,0.1,136,6,8,62,544,3212,15,7,7,1,0,1,2
864,0,2.5,0,10,1,24,0.7,148,4,15,1362,1378,3964,13,8,12,1,1,0,3
776,1,1.7,0,0,1,20,1.0,146,4,9,991,1803,685,15,11,7,1,1,1,0
1262,0,1.8,1,12,0,34,0.1,149,5,16,223,737,3248,13,3,4,0,1,1,2
1671,0,0.6,1,7,1,61,0.1,129,2,11,263,848,2336,10,4,7,1,0,0,2
1949,0,2.6,1,4,0,47,0.3,199,4,7,407,822,1433,11,5,20,0,0,1,1
1976,1,0.7,1,4,0,32,0.8,171,2,7,1301,1922,3699,17,11,13,0,1,1,3
584,1,1.8,0,0,1,19,0.3,168,3,0,1123,1622,465,12,8,4,1,1,0,0
1965,1,0.5,0,4,1,29,0.5,149,5,13,584,676,2973,11,1,20,1,1,1,3
1826,1,0.5,1,5,1,49,0.6,172,8,6,973,1633,1612,17,9,17,1,1,0,2
576,1,2.8,0,2,1,10,0.2,184,5,7,513,1438,2938,6,0,5,1,1,1,2
853,1,2.0,0,10,1,3,0.6,200,2,16,674,740,3701,15,8,8,1,1,0,3
1417,1,2.7,0,2,1,56,0.9,114,6,4,494,1649,590,11,3,6,1,0,1,0
1551,0,1.1,0,4,0,51,0.1,88,5,6,1738,1995,3844,11,8,4,0,1,0,3
1531,0,2.0,0,0,1,60,0.4,162,6,1,625,765,2524,13,11,7,1,0,0,2
1794,1,0.5,1,5,1,55,0.5,86,7,7,43,627,402,14,7,14,1,0,1,0
586,1,0.6,0,16,1,42,0.3,121,7,17,785,1118,1869,12,2,7,1,1,1,1
1119,0,0.5,1,0,1,23,0.4,164,4,1,821,915,3520,7,4,7,1,0,0,3
757,1,0.9,1,4,0,64,0.5,157,7,5,114,819,3433,6,5,10,1,1,0,2
879,1,2.5,0,11,1,14,0.7,83,6,15,403,1105,349,16,10,2,1,0,1,0
1221,0,0.5,0,1,1,28,0.5,139,1,7,1895,1976,2438,13,11,10,1,1,1,3
1893,1,0.5,1,1,0,23,0.1,179,8,3,1203,1432,1482,15,7,17,0,1,0,2
1672,1,0.5,1,13,1,32,0.7,174,1,20,1281,1896,1267,17,4,20,1,1,0,1
964,0,2.0,0,0,1,22,0.7,86,8,0,225,1234,2577,17,16,5,1,1,0,2
1825,0,1.1,1,13,1,17,0.1,157,4,18,1621,1773,3130,12,4,2,1,0,1,3
1358,0,2.5,1,0,0,20,0.6,135,7,0,1485,1655,3406,5,1,11,0,0,1,3
1777,0,2.2,1,0,0,15,0.2,100,4,7,553,874,1552,10,8,10,1,1,0,1
1270,1,2.3,0,0,0,58,0.5,104,5,1,1512,1716,3299,13,4,16,0,0,1,3
1547,0,2.9,1,6,0,45,0.7,166,2,8,583,590,505,12,2,3,0,1,1,0
808,0,2.3,0,3,0,45,0.8,161,1,9,526,1324,3431,15,6,13,0,1,1,3
637,1,0.8,1,2,0,28,0.6,194,4,6,1080,1289,2725,15,10,7,0,0,0,2
1911,0,0.9,1,1,1,36,0.7,108,8,3,868,1632,3057,9,1,5,1,1,0,3
1320,0,2.1,1,0,1,41,0.6,144,7,2,123,1229,542,11,1,14,1,1,0,0
1966,1,1.4,1,2,0,40,0.9,185,8,18,1197,1987,1185,11,2,20,0,1,0,2
1744,1,1.0,0,1,1,20,0.5,112,8,3,68,718,1205,18,7,14,1,0,0,1
1263,1,2.0,0,0,0,5,0.4,146,6,3,954,1609,1958,9,6,4,1,1,1,2
1077,1,1.7,1,1,0,58,0.8,86,7,13,135,1892,3902,9,3,3,1,0,0,3
1416,1,1.8,1,0,0,20,0.1,93,4,0,1175,1578,3872,10,2,7,0,0,1,3
1512,0,0.6,1,1,1,54,0.4,134,3,2,220,1838,3366,7,3,11,1,0,1,3
1225,1,2.4,0,0,0,15,0.1,155,5,0,840,982,1970,16,8,15,1,1,0,1
1170,1,1.2,0,4,0,30,0.4,83,8,15,27,1722,1073,6,4,8,1,1,0,0
877,0,1.3,1,9,1,46,0.8,135,1,14,457,652,3260,14,12,6,1,0,0,2
1671,0,0.5,1,13,0,5,0.9,179,8,18,398,1263,815,16,6,10,1,1,1,0
972,1,1.3,0,8,0,44,0.7,82,7,10,297,589,3925,7,6,7,0,1,0,3
1928,1,1.8,0,9,1,19,1.0,187,3,20,691,1580,3777,7,2,13,1,1,1,3
518,0,0.8,1,0,0,3,0.1,178,7,1,437,1947,2832,5,0,8,1,0,1,2
1154,0,1.1,1,2,1,5,0.2,98,1,13,539,1240,1470,12,0,12,1,0,0,1
1830,1,1.0,0,7,1,47,0.3,117,1,11,1191,1882,3362,13,10,11,1,0,0,3
1492,1,1.5,0,5,0,11,0.9,85,3,7,1684,1746,2259,14,12,19,0,1,1,3
504,0,2.8,1,0,0,40,0.5,178,3,0,626,1195,470,6,0,16,1,0,0,0
1800,1,0.7,0,2,1,8,0.4,100,7,6,400,823,3481,10,8,8,1,0,1,3
1084,1,2.6,0,3,1,40,0.9,107,3,11,322,771,1945,15,4,10,1,1,0,1
798,0,2.4,0,5,0,4,0.2,96,3,9,526,643,2965,15,7,14,1,1,0,2
673,1,1.9,0,13,1,35,0.4,142,6,14,1096,1570,3541,18,17,4,1,0,1,3
1245,1,0.6,0,2,0,30,0.7,105,5,3,330,1434,2676,17,8,7,1,0,0,2
854,0,0.5,0,2,0,30,0.5,125,8,5,518,1152,2889,5,2,11,0,0,1,2
1701,1,1.6,1,3,0,10,0.3,194,8,7,550,1338,2598,12,9,6,0,1,0,2
914,1,0.5,0,0,1,26,0.7,147,4,0,706,721,1122,12,9,2,1,1,1,0
689,0,1.4,0,2,0,45,0.5,103,5,11,256,823,3585,10,1,10,1,0,0,3
920,1,0.5,0,2,0,46,0.8,149,3,3,1058,1421,2608,6,0,2,0,0,1,2
1899,1,0.6,0,0,0,26,0.1,151,2,0,96,814,336,13,11,4,1,0,1,0
1053,1,0.8,1,7,1,45,0.3,103,1,12,594,1767,3086,17,6,5,1,1,1,3
1623,1,1.2,0,6,1,61,0.9,120,7,12,1568,1832,1510,12,10,17,1,1,0,2
1428,1,1.6,0,0,0,7,0.1,153,4,2,584,983,1808,12,8,13,0,1,0,1
571,0,0.6,0,1,1,43,0.5,141,3,8,224,783,2587,7,5,18,1,0,0,1
1332,0,0.8,1,2,0,11,0.5,187,2,4,758,1165,1285,5,0,9,1,1,0,1
1723,1,1.1,1,1,0,42,1.0,164,8,14,202,1791,3587,10,5,3,1,0,0,3
1420,0,2.8,1,1,0,50,0.1,100,8,8,194,1393,763,17,1,17,0,1,1,0
1849,1,0.5,0,1,0,29,0.5,181,7,12,978,1986,3330,14,4,15,1,0,1,3
594,0,0.8,0,2,1,28,0.1,132,5,3,1011,1263,3087,16,4,4,1,1,1,2
841,1,0.5,1,8,0,39,0.1,199,6,13,546,828,2942,11,5,16,0,1,1,2
1368,0,3.0,1,10,0,50,0.2,97,7,18,698,829,2496,13,6,5,0,1,1,2
1820,1,1.7,1,0,1,64,0.6,161,1,3,1157,1951,574,10,2,18,1,1,0,1
510,1,2.0,1,5,1,45,0.9,168,6,16,483,754,3919,19,4,2,1,1,1,3
1821,1,1.2,0,13,1,44,0.6,141,2,14,1208,1212,1411,8,2,15,1,1,0,1
536,1,1.4,0,0,1,53,0.7,135,3,0,547,705,1211,15,10,7,1,0,1,0
1831,1,2.3,0,3,1,44,0.2,148,7,14,437,1113,2460,10,5,18,1,0,0,2
1054,0,1.1,1,10,1,38,0.4,136,6,12,1097,1222,1675,18,4,14,1,1,1,1
940,0,2.9,0,0,0,16,0.7,115,4,1,499,1090,2192,15,13,9,1,1,1,1
958,1,1.6,0,9,1,60,0.4,200,1,12,730,751,1417,10,4,19,1,0,1,0
712,1,0.5,1,3,1,35,0.2,84,2,10,558,1208,2190,16,12,4,1,1,1,1
772,0,2.6,1,7,0,6,0.1,100,2,10,741,1471,929,13,6,18,0,1,1,0
1869,0,2.6,0,0,1,30,0.4,152,1,13,163,874,1375,15,3,19,1,0,0,1
1907,0,2.0,0,13,0,55,0.9,105,7,15,713,1513,286,14,4,17,1,0,1,0
648,1,0.5,1,9,1,54,0.4,109,5,20,1153,1817,3124,5,0,13,1,0,0,3
1414,1,1.5,1,5,0,44,0.5,180,2,6,44,1118,3490,16,12,13,0,1,0,3
1263,1,1.4,1,1,1,32,0.4,103,2,2,409,644,3372,18,13,10,1,1,0,3
1110,0,0.6,0,1,0,42,0.9,192,5,2,1179,1262,456,12,8,18,1,1,0,0
1097,0,2.1,1,6,0,64,0.2,161,3,8,419,1914,1725,14,5,9,1,0,1,1
843,1,0.5,0,1,1,56,0.1,147,5,17,140,800,2341,10,1,20,1,1,1,1
1587,1,0.5,0,0,0,50,0.9,148,8,15,299,874,461,17,4,4,1,0,1,0
1237,0,0.5,0,2,0,27,0.1,87,8,5,274,603,2454,14,0,8,1,1,1,2
1512,1,0.5,0,8,1,18,0.1,88,3,17,1079,1897,3607,12,10,6,1,1,1,3
1547,1,3.0,1,2,1,14,0.7,198,3,19,1042,1832,2059,5,0,15,1,0,1,2
1410,1,0.5,1,0,1,15,0.3,92,3,1,192,1311,2304,18,4,18,1,1,0,2
1536,0,0.8,0,12,0,13,0.3,105,7,20,22,1634,2020,6,0,16,1,1,0,2
510,0,1.7,1,3,0,35,0.8,120,3,6,382,1228,2509,17,2,11,0,1,1,1
610,1,1.6,1,9,0,52,0.4,90,4,19,1039,1273,3472,10,4,12,1,1,1,3
680,1,2.1,1,9,1,9,0.1,131,3,11,1428,1500,2438,14,2,17,1,0,0,2
563,0,2.0,1,3,0,47,0.3,115,7,12,211,684,3012,14,4,15,1,0,0,2
601,0,2.1,0,4,0,26,0.3,101,4,18,509,548,918,9,1,12,0,0,0,0
1866,1,2.5,1,3,1,47,0.8,89,5,9,358,1782,1444,7,4,20,1,0,0,1
1897,0,3.0,0,1,1,21,0.5,192,8,2,1311,1935,273,17,6,3,1,1,1,0
1007,0,2.0,0,0,0,45,0.1,95,5,2,1186,1529,3648,9,0,16,0,0,0,3
1606,0,1.4,0,3,0,57,0.1,154,4,4,1127,1924,3454,13,8,20,0,0,1,3
1144,1,1.5,1,0,0,21,0.4,189,1,11,159,724,3252,16,0,8,0,0,0,2
682,1,0.5,0,4,0,19,1.0,121,4,11,902,1064,2337,11,1,18,0,1,1,1
781,0,1.1,0,2,0,38,0.4,198,5,7,304,1674,3508,13,8,5,0,0,1,3
725,0,1.3,1,16,0,60,0.4,160,8,17,1134,1249,1326,10,4,15,1,0,0,1
1205,0,0.5,1,3,0,12,0.6,175,4,6,573,614,860,14,1,14,1,0,1,0
1224,1,1.6,0,9,0,33,1.0,157,1,18,522,563,3796,10,5,13,1,1,0,3
793,1,2.8,1,1,1,64,0.4,179,4,2,818,1006,2296,12,0,5,1,1,0,1
707,0,2.1,1,2,0,25,0.8,131,3,17,495,574,3838,9,2,7,1,0,1,3
1349,1,2.2,1,5,0,55,0.1,105,7,7,648,1019,2462,15,7,17,1,0,1,2
707,0,0.5,0,0,1,16,0.1,194,2,0,1027,1508,1853,17,14,12,1,1,1,1
1872,1,0.9,1,0,0,16,0.5,80,2,2,286,1484,2295,15,11,16,0,0,1,2
1027,1,0.8,0,7,0,18,1.0,146,7,11,338,534,1234,7,4,14,1,0,1,0
1540,0,0.7,1,1,0,60,0.8,197,7,12,704,822,1591,19,0,2,1,0,1,1
989,1,0.7,0,13,1,51,0.4,132,3,15,670,804,2349,10,1,20,1,0,1,1
1617,1,1.3,1,3,1,30,0.7,105,2,4,246,1038,829,9,0,10,1,0,0,0
1823,0,2.8,1,11,0,10,0.6,81,8,19,362,1250,1812,5,0,19,1,1,1,2
564,0,3.0,1,1,0,8,0.7,130,2,3,853,1737,2227,9,2,14,1,0,1,1
1647,0,1.4,1,3,1,38,0.3,102,6,15,193,1185,2532,16,14,15,1,0,1,2
1090,1,2.3,0,1,1,8,0.6,128,8,8,1217,1670,3839,17,3,11,1,0,1,3
1554,1,0.5,1,11,0,5,1.0,124,3,12,395,1579,3635,7,4,18,0,0,0,3
1692,0,2.3,1,4,1,46,0.9,139,1,6,674,1925,1394,16,10,6,1,1,0,1
1345,1,3.0,0,7,1,38,0.1,162,3,11,512,1465,1322,9,2,15,1,0,0,1
525,0,2.4,1,11,0,35,0.8,190,7,20,82,670,1609,16,11,3,0,0,0,0
1538,1,2.3,0,6,1,13,0.2,121,7,7,567,986,1494,18,10,12,1,1,1,1
1231,0,1.2,1,5,0,54,0.8,185,3,10,632,1184,1762,5,3,6,1,1,0,1
986,1,1.5,0,1,1,23,0.8,183,8,3,471,800,2385,16,9,19,1,0,0,1
671,0,2.9,0,7,1,2,0.1,95,6,19,614,1617,2278,13,4,2,1,0,0,2
587,1,2.3,1,4,0,6,0.7,170,1,16,612,1793,2777,9,2,14,1,1,0,2
955,1,0.5,0,2,0,2,0.6,155,4,10,428,1254,1974,14,1,18,1,1,0,1
595,0,0.9,1,7,1,23,0.1,121,3,17,441,810,3752,10,2,18,1,1,0,3
1957,0,0.9,1,11,0,31,0.6,181,3,16,396,1732,3801,12,0,7,1,0,1,3
1321,1,1.3,0,0,1,63,0.4,109,8,9,817,941,1464,7,6,16,1,1,1,1
1541,1,2.8,1,10,1,28,0.2,165,5,15,796,1052,1108,12,1,7,1,0,1,1
1667,0,1.0,1,0,1,21,0.9,138,2,0,1211,1396,635,17,7,15,1,0,0,0
1231,0,0.7,1,2,0,7,0.9,113,1,7,43,1663,3119,9,4,15,1,1,0,3
559,1,0.5,0,10,0,11,0.4,82,5,14,541,823,2019,10,4,16,1,1,1,1
1753,0,0.7,0,4,0,40,0.6,191,4,11,1652,1983,1112,8,2,15,1,1,1,1
1490,1,0.5,1,4,1,64,0.3,150,8,8,1417,1464,3600,17,9,7,1,1,1,3
727,1,1.5,0,0,1,32,1.0,131,7,1,813,1377,1891,19,13,7,1,0,1,1
1524,0,2.6,1,5,0,57,0.5,124,2,12,629,635,947,11,4,16,0,1,1,0
1515,1,2.1,1,4,1,24,0.9,176,5,6,747,1247,3104,6,5,20,1,0,0,3
1727,1,2.1,1,10,0,57,0.3,158,6,18,376,1288,512,5,2,6,0,0,0,0
539,1,0.6,1,9,0,21,0.1,145,7,14,551,599,3597,14,5,9,0,0,0,2
1082,0,0.8,0,0,0,38,0.1,198,8,5,986,1191,2337,6,1,17,0,1,1,2
1751,0,0.5,1,6,0,8,0.6,178,6,20,170,564,2969,8,6,17,0,0,1,2
1438,0,2.2,0,0,1,32,0.6,176,7,6,683,1663,869,19,13,9,1,1,1,0
1441,0,0.6,1,0,1,53,0.5,106,1,12,254,954,1393,9,4,4,1,1,1,1
1922,0,0.5,0,15,1,42,0.6,153,8,16,725,1882,3564,12,1,17,1,0,0,3
770,1,1.5,1,6,0,61,0.2,196,4,9,603,1483,3473,7,3,4,0,0,1,3
1561,0,0.5,1,10,1,4,0.5,134,2,13,885,1811,1783,13,12,10,1,1,0,2
825,0,0.5,1,0,1,23,0.1,86,2,0,206,1917,3278,8,6,2,1,0,1,3
797,0,2.2,1,0,0,37,0.9,144,7,2,206,1167,2216,9,5,6,1,0,0,1
1312,1,0.8,1,0,0,24,0.9,156,6,0,115,1791,3833,14,13,17,0,1,0,3
1476,0,0.5,0,0,1,43,0.7,148,2,2,1789,1972,3644,15,10,6,1,0,1,3
1356,0,2.8,0,0,0,29,0.5,198,6,0,1612,1983,3702,17,0,19,0,0,0,3
917,1,0.5,0,1,1,31,0.5,88,6,2,423,909,3424,19,2,13,1,1,0,3
1524,0,2.5,1,11,1,41,1.0,96,4,20,184,740,1936,7,0,9,1,1,1,1
838,0,0.5,0,1,1,13,0.1,196,8,4,984,1850,3554,10,9,19,1,0,1,3
1611,0,0.5,1,4,1,27,0.9,199,1,10,163,1011,3078,15,2,6,1,0,1,2
530,1,2.6,0,1,0,40,0.9,118,6,2,818,1090,1229,16,11,2,0,1,0,0
538,0,1.1,1,0,1,25,0.3,163,7,7,455,537,2215,9,3,17,1,1,1,1
1544,0,2.3,0,12,1,45,0.1,113,8,20,236,857,1300,8,7,18,1,1,0,1
1562,1,0.7,0,0,0,55,0.1,140,8,1,1032,1776,2096,15,3,3,0,0,0,2
890,1,2.2,1,4,0,44,0.5,198,8,13,1074,1873,751,7,3,3,0,0,0,0
1862,0,1.5,0,1,0,62,1.0,182,1,2,386,1046,1017,11,3,9,1,0,0,1
957,1,0.7,0,0,1,4,0.1,160,2,0,38,1682,1898,12,4,3,1,1,0,1
1559,1,1.3,1,10,1,10,0.3,114,8,17,117,681,2203,7,5,15,1,1,1,1
1081,1,1.9,1,13,1,42,0.1,101,7,17,83,816,2456,7,4,7,1,0,0,1
1807,0,2.0,1,0,1,13,0.5,155,8,0,970,974,323,9,3,3,1,1,1,0
1802,1,1.2,1,8,0,27,0.5,116,5,16,453,963,1885,10,9,7,1,1,0,2
1563,0,2.4,0,0,1,24,0.2,170,8,0,142,1699,3660,7,5,5,1,1,0,3
1642,1,1.6,1,0,0,5,0.4,102,5,2,1686,1889,1333,18,0,2,0,0,1,2
555,1,3.0,1,5,1,38,0.8,193,2,10,214,1970,1686,8,1,8,1,0,1,1
1578,0,1.9,1,2,1,37,0.1,138,4,19,411,1226,2458,19,16,3,1,0,1,2
519,1,1.6,1,7,1,51,0.3,132,4,19,550,645,3763,16,1,4,1,0,1,3
733,1,0.6,1,0,0,63,0.3,105,7,10,950,1739,984,17,4,9,1,0,1,0
1631,0,0.9,1,2,1,3,0.1,198,7,12,177,1905,301,13,5,13,1,0,0,0
748,0,1.4,0,0,0,25,1.0,110,7,14,88,709,1974,17,5,13,0,1,1,1
1540,0,0.7,1,0,1,29,0.1,157,7,1,318,831,1161,11,8,5,1,0,0,0
1442,0,1.0,1,0,0,27,0.1,192,3,19,231,687,2227,6,5,20,1,1,0,1
1725,1,1.6,1,6,1,6,0.5,119,2,18,609,1307,3429,6,5,4,1,1,0,3
554,1,1.3,0,0,0,12,0.1,105,6,10,85,806,3764,10,7,4,0,1,1,2
1793,0,0.7,1,11,0,27,0.4,154,5,13,586,722,1370,16,3,19,1,0,1,1
851,0,2.3,1,7,1,54,1.0,101,2,9,788,1007,1005,12,2,14,1,0,1,0
1588,0,0.5,0,0,1,61,0.8,159,1,13,1064,1594,3272,18,0,17,1,1,0,3
1606,1,0.5,1,0,1,33,0.9,200,5,0,157,770,3437,11,1,2,1,0,0,3
1783,0,2.9,1,2,0,42,0.7,104,6,8,1081,1979,387,14,5,3,0,1,0,1
560,1,2.0,1,6,1,57,0.3,81,3,12,80,1327,2167,11,10,7,1,0,1,1
1356,1,0.5,1,0,0,35,0.8,131,1,19,782,951,3451,5,2,17,1,1,1,3
1762,1,2.7,1,13,1,25,0.9,189,1,14,300,527,1896,14,10,20,1,1,1,1
1783,1,0.5,0,8,0,14,0.6,183,8,11,910,1566,1816,12,7,7,0,0,1,2
1426,1,2.5,0,2,1,55,0.4,109,1,7,777,1032,2562,5,1,3,1,0,0,2
622,0,0.7,0,0,1,9,0.3,127,2,0,98,511,3916,13,1,5,1,0,1,2
1489,0,2.1,1,0,0,9,0.4,169,3,1,923,1759,1663,9,3,14,1,0,1,1
875,1,0.7,1,1,0,30,0.7,146,8,8,469,853,702,19,15,15,1,1,1,0
1190,0,2.0,1,0,0,40,0.2,93,5,1,1399,1646,3610,13,7,9,0,0,1,3
1433,1,2.3,0,2,1,5,0.1,129,5,11,420,784,2132,18,15,19,1,0,1,1
877,0,1.5,1,0,1,17,0.1,195,7,0,1064,1985,2004,11,8,9,1,1,1,1
1852,0,1.4,0,4,1,10,0.7,196,1,18,580,1163,3970,13,1,11,1,0,1,3
634,1,0.8,0,5,0,41,0.2,192,1,12,1362,1853,3242,18,11,4,1,0,1,3
961,1,1.5,1,10,0,51,0.3,152,6,16,554,621,2981,15,6,7,1,1,1,2
648,0,1.9,1,4,0,8,1.0,91,5,19,819,1997,2991,8,7,4,0,0,1,2
1009,1,2.8,1,7,1,2,0.6,115,7,15,267,1841,2286,19,8,13,1,0,0,2
833,1,2.2,0,4,0,27,0.9,124,1,6,359,1395,2150,9,5,7,0,1,1,1
1470,1,1.7,1,6,0,45,0.1,121,1,9,777,1090,3259,10,1,14,1,0,1,3
730,1,1.3,1,6,0,6,0.9,167,7,10,1096,1155,2812,10,1,17,0,0,0,2
1624,1,2.6,1,0,0,58,1.0,200,3,11,1530,1744,1251,13,4,18,0,1,1,1
1485,0,1.0,0,2,1,32,0.7,84,2,9,510,1013,2147,19,1,11,1,1,0,2
1715,0,1.3,0,0,1,12,0.3,94,8,6,1224,1676,1633,15,10,5,1,1,1,2
1072,1,2.2,1,6,0,19,0.4,114,8,16,380,877,2715,15,9,16,0,1,0,2
1039,0,1.3,0,0,1,12,0.8,200,8,0,1428,1827,1619,7,1,10,1,1,1,1
1285,0,2.4,0,1,1,51,1.0,140,7,2,475,500,2094,8,0,10,1,0,0,1
1796,0,1.6,1,5,0,7,0.1,101,4,6,667,798,1642,9,4,3,0,1,1,1
1902,0,0.5,0,10,0,13,0.2,155,4,11,766,877,940,14,10,15,1,1,0,1
553,0,2.4,1,1,1,8,0.5,121,7,3,325,902,1204,11,4,8,1,1,1,0
840,0,0.9,1,6,0,33,0.7,150,6,7,1482,1591,2072,10,8,19,0,1,0,2
867,1,1.5,0,0,1,57,0.1,159,4,0,289,724,2157,8,6,18,1,0,0,1
621,1,2.7,1,0,0,54,0.1,151,4,20,434,910,2801,6,1,5,1,1,1,2
720,1,0.9,1,12,1,14,0.8,165,4,14,366,1234,1086,14,7,3,1,1,0,0
1009,1,1.0,1,2,0,2,0.6,102,8,14,912,1043,1716,7,5,15,0,0,0,1
1457,0,1.9,1,1,1,16,0.3,102,3,10,1013,1287,1440,17,8,12,1,0,1,1
1692,1,2.1,0,3,1,61,0.9,176,6,12,975,1996,1354,16,7,19,1,0,0,1
1029,1,1.9,1,5,1,5,0.2,171,5,8,264,956,582,15,7,4,1,1,1,0
1279,1,2.5,0,5,1,7,0.5,105,6,6,560,1633,1150,7,2,7,1,0,0,1
1277,1,0.5,1,0,1,35,0.4,142,6,6,309,1460,3559,18,17,6,1,1,0,3
1799,0,1.0,0,1,1,30,0.6,123,3,9,617,1386,445,10,8,10,1,1,0,0
831,1,0.7,0,2,1,62,0.7,134,8,9,1482,1490,2573,16,12,18,1,0,1,2
1485,1,0.9,1,0,1,28,0.8,158,5,1,371,1023,3241,14,11,11,1,1,0,3
1445,1,0.5,0,0,0,53,0.7,174,7,14,386,836,1099,17,1,20,1,0,0,0
1576,0,2.6,0,7,0,58,0.2,90,3,16,400,631,336,14,8,13,1,1,1,0
527,0,0.7,1,4,0,53,0.9,128,1,11,67,1924,1302,13,7,13,0,0,0,0
1414,0,2.6,0,1,0,27,0.6,137,4,20,804,1564,312,5,2,8,0,0,1,0
513,1,0.5,0,6,1,44,0.1,186,4,12,619,867,1343,5,1,9,1,1,0,0
507,1,0.5,1,1,0,32,0.5,141,7,11,936,1398,1702,17,0,5,1,1,1,1
1811,1,2.5,0,4,1,5,0.6,98,4,16,447,568,2700,13,7,8,1,1,1,2
1062,0,1.5,0,3,0,45,0.2,151,3,4,798,1435,911,14,2,9,0,0,0,0
681,0,0.5,1,12,1,17,0.9,194,5,19,371,1702,2548,6,1,5,1,0,1,2
1578,0,2.9,0,8,0,3,0.9,200,1,20,342,670,3483,17,4,16,1,0,0,3
1148,0,2.3,1,0,1,58,0.3,170,5,20,606,688,3127,10,7,11,1,0,0,2
1991,0,2.8,0,3,1,15,0.1,181,1,13,298,1037,1861,8,5,17,1,1,1,1
1063,1,1.1,0,0,1,26,0.8,101,5,2,1208,1232,3809,17,16,5,1,0,1,3
1557,0,2.8,1,16,0,2,0.1,123,5,20,1107,1442,2690,18,16,9,0,0,1,3
1306,1,2.1,1,2,1,33,0.4,174,3,9,867,1258,2521,6,5,16,1,0,0,2
1876,0,0.5,0,10,1,40,0.3,86,6,14,546,1564,2513,10,8,16,1,1,0,3
645,0,2.5,0,10,1,63,1.0,174,4,14,278,584,3615,18,8,13,1,0,1,2
1766,1,1.3,0,1,0,29,0.5,194,8,20,439,1306,2316,19,2,6,0,0,1,2
1249,1,0.5,0,3,1,55,0.8,140,3,8,605,1193,531,18,10,13,1,1,1,0
742,0,2.2,1,4,0,56,0.2,190,7,14,577,1359,3557,16,11,12,0,1,1,3
1589,1,2.2,1,2,0,58,0.1,128,4,4,957,1911,3961,16,14,14,1,0,1,3
1112,1,0.5,1,1,0,53,0.6,121,4,16,234,739,3655,7,3,20,1,1,0,3
1784,0,1.6,0,4,0,41,0.4,164,6,20,610,1437,2313,14,1,11,0,1,0,2
1205,1,2.7,0,5,0,10,0.1,163,6,10,321,1870,953,18,11,20,0,1,1,0
1519,0,2.1,0,0,0,32,0.7,200,1,10,168,1239,2912,11,10,15,1,1,0,2
623,1,0.8,0,6,1,26,0.3,197,7,12,484,1238,1769,10,1,16,1,0,0,1
805,0,0.8,0,1,0,34,0.6,88,6,2,1262,1538,3647,18,11,9,1,0,1,3
1066,0,1.6,0,5,0,39,0.6,131,5,17,401,1586,2728,6,0,17,1,1,1,2
537,1,2.0,0,1,1,55,0.3,103,7,2,1041,1430,2029,10,5,12,1,1,1,1
1479,1,1.8,1,0,1,24,0.1,146,6,0,327,645,3762,12,10,5,1,0,0,3
1461,0,2.4,1,3,1,40,0.5,141,7,4,1265,1298,3799,16,1,4,1,0,0,3
942,0,1.4,1,8,0,27,0.5,91,4,9,754,1532,587,6,3,13,0,1,1,0
1283,1,2.4,1,8,1,33,1.0,93,3,15,510,980,773,17,7,2,1,1,0,0
1726,1,0.9,1,2,0,51,0.6,193,4,3,379,1223,2239,13,9,13,1,0,1,2
1660,0,2.8,1,4,0,7,0.8,184,1,6,76,1165,1531,12,0,7,0,0,0,1
864,0,1.6,1,0,1,53,0.3,88,6,1,262,1436,493,18,9,10,1,1,0,0
600,0,0.5,0,1,0,48,0.8,191,3,7,501,1465,3393,12,7,8,1,0,0,2
1842,1,2.2,1,7,0,56,0.4,179,4,10,783,1227,3721,16,11,4,0,1,1,3
752,0,0.5,1,1,0,48,0.7,87,7,13,164,728,3860,7,5,16,0,0,0,3
1210,1,1.6,1,9,0,57,0.5,111,4,20,329,1039,1886,16,0,17,1,0,1,1
1905,1,0.5,0,3,1,6,0.5,151,1,5,849,898,1545,9,5,10,1,1,0,1
1732,0,0.8,0,2,0,61,0.3,172,5,3,201,656,3940,17,11,20,0,1,1,3
1164,1,2.6,1,0,0,61,0.3,88,1,6,1107,1656,3859,11,10,17,0,1,0,3
1369,1,1.8,1,6,0,34,0.5,162,1,7,553,727,3856,18,4,18,0,1,1,3
1678,0,2.1,0,3,1,64,0.9,134,3,11,436,536,278,19,0,10,1,1,0,0
1030,0,1.6,1,3,1,58,0.2,138,6,20,1111,1812,2858,6,2,18,1,1,1,3
1776,0,2.2,0,2,0,20,0.9,82,6,16,1563,1803,2671,15,10,12,0,1,1,3
1483,1,2.6,1,13,0,19,0.6,146,7,19,361,1552,1587,9,4,19,0,0,0,1
1905,0,0.6,1,9,1,36,0.4,119,3,20,825,1542,1287,13,4,16,1,0,0,1
771,1,0.5,1,0,1,33,0.1,157,3,17,776,1247,920,16,2,10,1,1,1,0
1652,0,0.6,1,4,1,40,1.0,198,7,6,352,1084,3592,7,6,6,1,0,0,3
659,0,2.7,0,6,1,6,0.5,110,3,7,1054,1929,2044,15,5,2,1,0,1,1
1329,1,1.0,0,1,0,52,0.9,181,6,2,1053,1458,1228,8,6,6,1,0,1,1
727,1,2.5,1,0,1,64,0.2,193,1,9,664,711,3654,9,1,16,1,1,0,3
652,1,2.4,1,9,1,17,0.7,173,5,11,77,559,1974,12,10,12,1,0,0,0
1379,0,1.1,0,5,1,36,0.8,200,2,7,538,1376,3426,5,4,17,1,1,1,3
1158,0,0.7,1,1,1,29,0.7,123,2,20,311,1796,1542,17,9,15,1,0,1,1
1472,1,2.3,0,6,0,61,0.1,168,6,19,710,1052,2677,19,15,8,1,0,0,2
1617,1,2.6,0,14,0,29,0.9,113,6,20,283,676,3685,13,1,18,0,0,0,3
1438,1,1.8,0,3,0,16,0.6,169,8,7,859,867,2246,14,11,15,0,0,0,2
893,0,2.5,1,0,0,55,0.6,183,2,1,417,946,2986,7,1,6,0,1,1,2
531,1,0.5,1,0,1,12,0.5,121,4,3,158,1657,2331,18,12,20,1,0,1,1
1938,1,0.5,1,5,0,44,0.5,121,2,9,1299,1935,3497,18,10,18,0,1,0,3
730,0,1.5,0,9,0,9,0.7,122,4,15,1371,1677,2787,10,8,7,1,0,1,2
983,0,1.8,0,0,1,53,0.9,187,1,4,1001,1176,1389,17,8,8,1,1,1,1
865,0,1.2,1,8,0,59,0.1,159,3,9,805,1804,2361,16,11,19,1,0,1,2
1630,1,2.8,1,0,1,32,0.9,80,6,1,712,1726,1751,12,10,20,1,0,1,2
915,0,2.0,0,8,1,31,0.3,91,3,20,875,1316,378,11,6,9,1,1,0,0
1036,1,2.4,0,0,0,39,0.2,119,7,3,373,926,2101,10,7,2,0,1,0,1
1944,1,0.5,0,1,1,26,0.5,92,4,9,313,712,2322,19,8,7,1,0,1,2
1065,1,0.5,0,0,1,14,0.7,89,2,2,188,928,3078,10,1,18,1,0,1,2
984,1,2.2,1,0,1,39,0.5,119,8,18,56,1931,2013,11,7,16,1,1,0,1
660,0,0.5,0,5,1,40,0.5,111,2,10,262,1178,588,6,5,18,1,1,1,0
709,1,2.0,1,0,0,35,0.1,136,1,0,1545,1596,1973,12,9,16,0,1,1,1
1021,1,0.5,1,0,1,53,0.7,136,3,6,905,1988,2631,17,3,7,1,1,0,2
1310,1,1.1,1,13,0,7,1.0,194,5,14,117,513,3182,8,4,5,1,1,0,2
1254,0,1.2,1,2,0,50,0.7,108,5,6,462,1013,3959,10,4,17,1,1,0,3
936,0,1.0,0,1,0,18,0.2,153,3,18,1330,1686,2391,12,6,3,1,1,1,2
1569,0,0.5,1,3,0,33,0.2,147,1,13,519,930,3538,18,1,15,1,0,1,3
1751,0,2.5,0,1,0,4,0.6,146,8,9,1499,1952,1155,19,14,12,0,1,1,1
1948,0,2.9,1,4,0,5,0.2,136,1,13,651,700,361,6,1,10,0,1,0,0
618,0,1.1,0,11,1,45,0.2,188,3,20,1175,1586,2339,19,2,10,1,1,0,2
1109,0,2.1,0,1,0,34,0.1,173,1,4,165,1103,2821,13,5,17,1,0,1,2
667,0,1.3,1,4,1,6,0.1,149,6,10,272,870,3566,9,5,12,1,0,1,2
1660,0,0.5,0,2,1,15,0.7,100,8,8,440,569,2424,12,5,9,1,1,0,2
664,0,1.5,0,5,1,6,0.9,164,2,19,1076,1472,3774,11,5,18,1,0,0,3
1207,0,0.5,0,0,0,58,0.3,112,8,0,406,681,503,7,3,5,1,1,0,0
1589,0,2.5,0,5,1,51,0.8,195,1,18,810,1743,2612,8,2,16,1,0,0,2
970,1,1.3,1,5,0,59,0.2,84,7,19,1765,1786,3675,12,0,12,0,0,0,3
1635,0,2.6,1,0,1,2,0.6,182,4,0,1209,1411,2315,10,1,2,1,1,0,2
1066,0,3.0,1,6,1,5,0.5,167,5,7,53,1504,1044,8,7,11,1,0,0,0
503,1,1.8,1,1,1,13,0.7,131,1,4,1495,1688,3117,19,6,9,1,0,1,3
1920,0,0.6,1,3,1,19,0.5,131,3,8,670,1152,3943,13,0,4,1,1,0,3
1940,1,1.0,1,0,1,5,0.2,194,4,1,588,1809,820,19,18,3,1,1,1,1
916,1,0.5,0,0,1,47,0.2,82,4,1,1147,1393,1659,11,10,11,1,1,0,1
1791,1,0.5,1,1,1,33,0.5,110,5,4,371,682,594,17,8,16,1,0,1,0
852,0,1.0,1,4,1,62,0.7,104,7,13,293,1159,2253,17,4,7,1,1,0,1
1680,1,1.2,1,6,1,37,0.7,168,4,7,679,1231,1459,15,3,2,1,1,0,1
1020,0,1.5,0,13,1,7,0.7,96,3,18,870,1613,1142,13,9,8,1,0,1,1
1514,1,1.4,0,3,1,12,0.6,138,3,4,306,538,1037,15,3,15,1,0,1,0
869,0,1.9,0,0,0,2,0.6,197,7,3,519,533,3249,19,0,12,0,0,1,2
1379,1,2.1,1,14,1,63,1.0,83,1,17,207,1370,651,9,6,7,1,1,0,0
1583,1,2.1,1,11,0,14,0.7,148,7,16,942,1651,1704,17,13,2,1,0,1,2
1142,1,1.4,1,6,0,6,0.7,190,8,8,534,855,663,12,4,5,0,1,1,0
1824,1,1.9,1,9,1,2,0.7,103,1,14,50,1105,3958,12,2,19,1,1,0,3
1397,0,2.4,1,5,1,3,0.2,121,3,15,433,1658,1378,18,15,4,1,1,1,1
1686,1,0.5,1,4,0,28,0.8,182,5,8,599,1073,780,11,10,5,0,0,0,0
1278,1,1.2,0,10,1,60,0.6,172,7,14,1244,1504,3142,11,4,19,1,0,1,3
1597,0,2.3,0,11,0,34,0.4,89,1,14,64,1667,934,16,10,9,0,1,0,0
701,1,0.7,0,7,0,15,0.5,160,3,11,1002,1256,1756,6,3,17,1,1,1,1
600,0,0.5,0,0,0,14,0.8,112,5,2,320,747,1655,18,0,9,0,0,0,0
1510,0,0.6,1,1,0,32,0.7,135,3,8,963,1520,854,8,2,10,1,0,1,1
714,1,0.5,0,1,0,30,0.3,145,4,2,643,1527,2302,12,10,10,0,1,1,1
904,0,2.7,1,4,0,19,0.6,147,6,7,1094,1496,545,19,18,16,0,0,0,0
1449,1,0.5,1,0,0,52,0.6,105,6,0,211,947,2036,5,1,10,0,1,0,1
797,1,1.5,1,4,0,18,0.6,81,8,20,888,1466,2052,9,3,14,1,1,1,1
740,0,1.8,0,1,0,12,0.2,123,1,11,935,1147,1105,7,6,19,0,1,1,0
1554,0,2.8,1,7,0,23,0.1,105,6,18,699,1492,2184,13,9,20,1,0,1,2
1811,0,2.9,0,0,0,33,0.2,132,8,2,1099,1553,2610,8,3,13,1,1,0,3
823,0,1.0,1,9,1,18,0.2,182,5,16,1180,1350,3894,13,10,9,1,1,0,3
614,1,0.7,0,4,1,51,0.1,178,7,7,1012,1040,2854,10,7,12,1,0,1,2
796,0,0.5,0,2,0,12,0.5,114,1,8,174,518,1075,7,3,2,0,1,0,0
1830,1,0.5,0,5,0,14,0.8,160,6,6,773,1353,1905,16,3,19,1,1,1,2
965,1,1.4,0,1,0,13,0.9,197,8,2,645,1275,2343,17,12,15,1,0,0,2
1208,0,2.9,0,5,1,16,1.0,175,1,19,691,1028,2201,17,16,12,1,0,0,1
1792,1,1.0,0,3,1,62,0.3,170,7,8,1626,1913,2563,18,14,15,1,0,1,3
880,0,1.7,0,2,0,6,0.6,198,4,19,632,660,3006,6,4,3,1,0,0,2
571,0,1.6,1,8,0,35,0.2,186,7,20,177,1282,2598,13,5,8,1,1,0,1
1699,0,0.5,1,1,0,59,0.5,97,4,3,466,1768,3796,17,10,12,0,1,1,3
1660,0,0.6,0,2,1,24,0.8,169,2,3,223,1777,2402,12,10,14,1,1,1,2
1290,0,0.5,0,0,0,3,0.1,143,6,4,600,1109,1214,9,8,15,0,1,1,1
705,1,0.5,0,5,1,57,0.9,155,6,9,1114,1374,1509,15,11,18,1,1,1,1
739,1,2.3,1,2,1,58,0.1,88,3,4,1052,1536,475,7,6,6,1,0,1,0
618,1,2.2,1,0,1,63,0.9,138,2,1,853,1781,2574,14,3,5,1,1,0,2
1733,1,1.5,1,4,1,6,0.9,170,1,15,590,997,3488,6,4,10,1,1,1,3
511,0,0.9,1,15,1,24,0.6,136,3,18,367,1264,2378,18,3,4,1,0,0,1
1030,1,0.5,0,4,1,37,0.7,147,1,8,503,551,2800,8,6,12,1,0,1,2
532,1,0.8,1,3,0,8,0.1,193,5,10,1213,1354,728,13,5,8,1,1,0,0
1095,1,0.5,0,4,0,45,0.5,197,1,5,179,1247,560,9,1,10,1,1,0,0
1117,1,0.6,1,0,0,31,0.2,146,2,7,1258,1627,2003,8,7,14,0,1,1,2
1487,0,0.5,0,6,1,57,0.7,84,3,12,140,768,2563,18,4,14,1,0,0,2
1958,0,0.5,0,6,1,52,0.4,153,1,14,1524,1848,3064,7,6,3,1,0,0,3
545,0,0.5,0,0,1,11,0.3,131,3,1,381,1452,616,15,6,19,1,1,1,0
1077,1,2.5,0,13,1,49,0.6,131,4,14,334,1079,3454,17,11,2,1,0,1,3
973,0,0.5,1,5,0,53,0.5,196,5,7,105,588,1861,13,10,16,0,1,0,1
1889,0,2.8,0,5,1,31,1.0,132,1,10,170,1106,3672,5,1,3,1,1,1,3
579,1,2.5,0,3,0,7,1.0,89,8,10,808,1517,2908,12,4,11,0,0,1,2
1355,0,2.3,0,10,1,23,0.2,132,5,16,651,891,880,19,4,8,1,1,0,0
1658,1,1.4,1,0,1,38,0.3,159,5,0,51,739,2609,12,11,19,1,0,0,2
1572,1,0.8,1,7,1,8,0.8,169,5,8,577,1237,3461,6,3,10,1,1,1,3
627,1,1.6,1,3,1,12,0.2,131,7,17,447,819,2476,17,1,10,1,0,0,1
1276,1,2.9,1,2,0,53,0.3,130,2,3,217,735,3798,19,10,8,1,1,1,3
712,1,1.6,0,6,1,9,0.8,172,2,14,881,1234,3612,13,5,4,1,0,0,3
1604,0,1.2,0,1,0,6,0.5,191,6,15,68,1042,3564,7,2,2,1,1,0,3
1607,0,1.1,1,6,1,20,1.0,192,2,8,776,1005,885,11,1,14,1,1,0,0
1868,1,0.5,0,2,1,40,0.9,179,8,17,576,884,298,8,2,17,1,1,0,0
1112,0,0.5,0,0,1,12,0.9,190,4,6,777,1119,3302,11,0,20,1,1,1,3
1830,0,0.5,0,0,0,7,0.9,191,6,12,460,1583,2334,8,7,14,0,1,0,2
576,0,1.2,0,1,0,30,0.8,162,8,5,847,893,2800,11,6,16,0,1,1,2
664,1,1.1,1,1,1,51,0.1,110,7,4,701,1478,3629,19,15,6,1,1,1,3
1868,0,2.0,1,0,1,42,0.2,169,1,4,347,660,3131,8,3,7,1,1,1,3
1591,1,2.2,1,4,1,52,1.0,161,3,16,548,1641,282,10,9,14,1,1,1,0
1366,1,1.7,1,5,1,53,0.2,161,5,9,647,1876,3869,17,5,14,1,0,1,3
1552,1,2.2,0,6,1,13,0.2,123,6,9,269,1026,2403,9,2,9,1,1,1,2
969,0,2.4,0,0,0,45,0.3,124,7,0,491,589,404,18,5,19,1,0,1,0
592,0,0.8,1,1,0,52,0.9,103,7,10,332,970,1507,5,0,4,0,0,1,0
913,0,1.7,1,1,1,41,0.3,103,1,14,431,1144,2278,15,3,18,1,1,0,1
1104,0,1.7,0,1,1,60,0.4,199,2,13,653,1413,1229,6,0,3,1,1,1,0
683,1,2.1,0,7,0,30,0.1,197,7,8,927,1135,2066,9,0,15,0,0,0,1
1315,1,2.6,0,7,0,64,0.8,128,7,16,59,575,3278,6,3,13,0,0,0,2
721,1,2.7,1,1,1,15,0.2,102,5,18,655,1255,3606,10,0,5,1,1,1,3
972,1,2.7,1,1,0,5,1.0,126,4,2,687,816,3035,12,7,19,1,0,1,2
1807,1,2.9,0,0,0,16,0.2,125,3,0,1221,1415,2921,8,5,17,0,1,0,3
1923,0,0.5,1,7,0,46,0.5,191,1,10,767,1759,1489,10,9,3,1,1,1,1
1973,1,2.4,1,6,0,46,0.1,193,4,10,699,851,639,6,0,3,0,0,1,0
720,1,1.4,1,0,1,61,0.6,96,7,8,1347,1733,2799,5,3,15,1,0,1,3
1486,0,2.6,0,7,0,52,0.1,85,4,15,1430,1747,297,13,1,15,0,1,0,0
593,0,0.5,0,6,0,31,0.4,156,7,7,1233,1317,1692,6,2,7,1,0,0,1
1113,0,0.6,1,0,0,25,0.3,145,1,10,1047,1312,277,11,2,12,1,0,1,0
1136,1,1.6,0,15,0,32,0.5,150,6,19,961,1030,3210,10,3,8,1,1,1,3
1310,0,2.3,1,3,0,15,0.2,150,5,11,954,970,2518,18,17,5,0,1,1,2
1178,1,1.3,0,0,0,49,0.6,101,5,0,579,596,2511,6,3,17,0,0,0,2
1872,1,2.3,0,6,0,44,0.7,134,3,15,459,1259,1955,9,4,15,1,0,1,2
1076,0,2.5,0,3,0,14,0.2,105,5,4,545,1300,2043,7,5,14,0,0,0,1
1043,1,0.5,0,7,0,42,0.1,111,3,8,716,1626,912,16,9,6,0,1,0,0
764,1,1.2,1,1,0,13,1.0,152,8,2,361,511,3148,18,7,6,1,1,0,2
1848,1,1.4,1,2,1,42,0.7,179,2,10,154,605,3902,11,9,3,1,0,1,3
1087,0,1.3,0,0,1,16,0.3,166,3,9,295,589,690,14,6,6,1,0,1,0
1213,1,0.5,0,0,0,16,0.5,108,5,0,226,1248,2700,12,3,9,0,0,1,2
1408,1,2.5,0,3,0,32,0.1,151,4,6,875,982,3162,19,18,3,1,0,0,3
1347,0,2.9,0,5,0,44,0.6,132,1,14,434,967,2484,18,2,11,1,0,1,2
606,0,2.5,0,1,1,53,0.2,146,4,2,465,1152,1223,19,12,7,1,0,0,0
528,0,1.7,0,12,1,6,0.8,142,2,15,574,637,3256,9,8,6,1,1,0,2
1517,0,2.5,0,2,1,8,0.8,169,4,18,570,1645,2738,18,16,12,1,0,0,2
1052,0,0.9,0,1,0,6,0.8,195,4,16,1191,1839,552,6,1,11,0,0,1,0
1880,1,1.8,0,4,1,18,0.7,138,3,5,71,699,3333,17,15,7,1,0,0,3
1995,1,1.9,0,6,0,9,0.8,139,6,18,1830,1963,1203,14,12,18,1,1,1,2
1876,0,2.8,1,3,1,56,0.4,182,3,4,235,585,3021,12,2,18,1,0,0,2
1698,0,2.8,0,10,1,7,0.8,131,8,12,26,508,2992,15,3,17,1,1,0,2
1323,1,2.5,1,10,1,28,0.2,131,4,12,162,619,1892,10,0,15,1,1,1,1
1170,0,2.9,1,2,0,40,0.4,169,6,5,427,684,2366,16,8,2,1,1,1,1
622,1,1.9,1,12,0,11,0.8,193,8,14,760,1964,3183,5,0,4,1,1,1,2
815,0,2.0,1,4,0,51,0.3,85,6,12,982,1291,3469,5,4,6,1,0,1,3
775,1,2.5,1,1,1,10,0.1,185,7,14,444,1555,1719,19,3,18,1,1,1,1
1575,0,2.5,1,0,1,11,0.2,185,7,20,492,818,2182,7,3,17,1,1,0,2
1994,0,1.5,1,2,1,7,0.5,146,8,7,447,1435,3622,7,0,20,1,0,1,3
1910,0,1.4,0,0,0,29,0.6,146,7,2,333,639,2944,8,7,2,1,1,1,2
539,0,2.0,1,1,0,24,0.5,86,4,2,958,967,1326,7,4,3,1,1,0,0
1780,1,0.5,0,6,0,27,0.1,190,4,11,1331,1463,2776,19,17,14,1,1,1,3
702,0,2.6,1,2,1,9,0.7,141,3,3,504,1570,2955,10,4,19,1,0,0,2
1702,1,0.5,1,8,0,2,0.6,185,6,19,921,1351,435,12,9,3,0,1,1,0
1866,0,0.5,0,13,1,52,0.7,185,1,17,356,563,373,14,9,3,1,0,1,0
511,0,0.7,1,1,1,52,0.7,180,2,10,24,759,3865,8,3,7,1,0,1,2
1189,1,2.3,0,13,0,8,0.5,198,3,14,379,932,893,9,6,13,1,1,0,0
869,0,1.3,1,3,0,34,0.1,104,2,4,478,539,3864,13,3,11,1,0,0,3
1138,0,1.4,0,12,1,44,0.2,187,8,17,111,1138,3475,19,3,3,1,0,0,3
1831,0,1.4,1,2,0,43,0.9,150,5,5,611,1381,3834,17,7,13,1,1,1,3
550,1,0.5,0,16,1,23,0.1,145,2,17,486,1930,302,18,5,8,1,0,0,0
1886,0,0.5,0,0,1,24,0.4,112,3,1,809,1958,1179,16,7,20,1,0,1,1
1567,0,2.1,1,3,0,22,0.8,153,3,19,190,1326,3991,15,2,10,1,0,0,3
1741,1,0.5,0,1,1,55,0.1,140,5,3,719,755,2575,13,10,7,1,1,1,2
878,1,1.3,0,13,1,31,0.5,153,4,18,575,618,3497,9,7,11,1,1,0,2
1034,1,2.7,1,6,0,37,0.7,120,7,20,707,1199,3625,17,1,12,0,1,1,3
583,1,0.9,1,1,0,51,0.9,88,8,2,1658,1794,1799,16,9,7,0,1,0,1
1590,0,0.6,1,0,0,7,0.3,122,3,17,1464,1595,1201,12,3,18,1,1,1,1
1811,1,2.0,0,3,1,22,0.2,82,2,8,358,614,2847,9,2,4,1,0,1,2
1656,1,0.5,1,8,1,38,0.1,105,7,17,506,519,1499,12,8,19,1,0,1,1
946,1,1.4,0,9,0,26,0.1,186,6,10,273,891,1637,7,3,6,1,0,1,0
1081,1,2.5,1,13,0,49,1.0,99,3,17,284,519,325,9,1,6,0,0,1,0
991,0,2.0,0,2,1,12,0.3,158,5,6,1209,1678,2014,11,9,10,1,0,0,2
993,1,2.3,1,0,0,16,0.4,106,7,13,424,1639,1113,14,1,6,0,0,1,0
1375,0,2.9,0,2,0,20,0.4,147,6,7,596,679,3847,8,0,12,1,0,1,3
1986,0,0.5,1,3,1,51,0.1,165,8,20,282,1358,1614,17,12,3,1,1,1,1
1965,1,2.6,1,0,0,39,0.2,187,4,3,915,1965,2032,11,10,16,1,1,1,2
1593,1,1.0,0,0,1,52,0.7,130,8,0,761,1336,1354,15,13,13,1,1,1,1
1611,1,0.5,1,11,0,3,0.6,98,3,14,303,714,1595,8,4,9,1,0,1,1
965,1,0.5,0,15,0,53,1.0,131,8,19,297,653,3227,12,6,8,1,0,0,2
671,0,0.9,1,10,0,30,0.7,105,7,17,852,1182,2504,6,4,15,1,0,0,2
1296,0,0.9,1,0,1,14,0.5,124,5,3,811,1272,490,7,1,4,1,1,1,0
1864,0,2.2,0,0,1,7,0.1,142,1,2,225,1545,2258,10,1,10,1,0,0,2
675,0,2.4,0,1,0,42,0.6,187,7,2,482,874,2953,9,5,13,1,1,0,2
1504,0,1.5,0,12,1,34,0.7,142,8,15,507,973,2806,7,2,7,1,0,1,2
663,0,0.8,1,0,0,25,0.6,183,2,1,82,1605,3176,6,2,2,1,0,1,2
1695,0,2.3,1,1,0,34,0.4,84,5,10,713,1742,3296,17,6,14,0,0,0,3
1043,0,2.7,0,3,0,29,0.2,83,8,17,887,893,1183,5,3,8,1,0,0,0
1565,1,0.5,0,0,0,38,0.1,121,5,1,781,1364,308,19,17,7,1,1,1,0
1413,1,1.7,0,2,0,10,0.2,200,6,6,314,1606,2867,5,4,15,0,1,0,2
1701,1,0.5,0,13,1,46,0.9,115,2,15,364,828,3717,11,0,10,1,1,0,3
1600,0,2.5,1,1,0,19,0.6,88,6,9,831,1713,1179,10,3,18,0,0,1,1
1681,1,2.5,1,6,0,18,0.3,167,1,7,850,1005,2265,5,3,20,1,1,1,2
1949,1,1.4,0,7,0,57,0.3,145,7,11,951,1178,356,5,3,19,0,0,0,0
1333,0,1.4,0,3,1,59,0.7,183,7,5,394,1301,3442,18,16,5,1,1,0,3
1166,1,0.5,0,7,0,59,0.5,80,1,11,437,638,3887,8,6,7,1,0,1,3
1341,1,2.1,1,0,0,36,0.4,107,8,1,473,574,2200,18,14,15,0,1,0,1
1265,0,1.5,0,7,0,49,0.7,182,5,16,690,836,1362,5,0,12,0,0,1,1
644,1,2.7,0,0,0,22,0.7,157,8,3,311,881,1262,12,1,15,1,0,0,0
1067,0,1.8,1,11,0,14,0.2,146,1,15,965,1009,966,5,0,13,0,0,1,0
1832,0,0.7,0,2,0,2,0.6,90,7,6,186,654,2978,18,7,18,0,0,0,2
1147,0,0.8,1,11,0,28,0.7,158,6,13,1085,1134,2627,18,3,15,1,0,1,2
1015,1,0.8,0,5,0,12,0.5,102,3,14,335,679,2293,5,1,2,0,1,0,1
1913,1,1.8,0,0,0,29,0.6,111,5,4,675,742,2023,17,13,8,1,1,0,2
1325,1,0.5,0,0,1,13,1.0,133,4,8,1353,1915,3707,19,3,18,1,1,0,3
1977,1,2.0,1,7,1,54,1.0,171,7,18,1226,1242,1971,18,7,14,1,1,0,2
561,1,2.8,1,2,1,40,0.1,99,7,6,426,865,2974,15,12,19,1,0,1,2
989,1,2.0,0,4,0,17,0.2,166,3,19,256,1394,3892,18,7,19,1,1,0,3
1627,0,0.9,1,9,1,32,0.1,180,6,16,52,1082,3206,12,6,16,1,1,0,3
826,0,0.5,1,0,1,57,0.5,135,2,0,354,530,323,17,3,7,1,0,1,0
1892,1,0.7,0,5,0,47,0.4,110,4,10,1399,1564,2172,17,14,3,1,1,1,2
1373,1,1.0,1,2,0,50,0.2,127,7,12,105,673,3800,8,3,14,1,0,0,3
803,1,2.1,0,7,0,17,1.0,198,4,11,344,1440,2680,7,1,4,1,0,1,2
1980,0,0.5,1,2,1,29,0.8,177,1,13,312,1910,3865,12,10,18,1,0,0,3
1975,1,1.5,0,6,1,16,0.9,128,8,11,80,655,2998,5,4,13,1,1,0,2
1945,0,1.6,1,0,1,57,0.3,195,4,1,743,1753,732,14,1,14,1,1,0,1
1426,1,0.8,0,2,1,42,0.6,84,3,10,715,1163,1356,15,9,16,1,0,1,1
1126,1,2.4,0,2,1,10,0.4,160,6,3,1223,1611,2050,7,6,12,1,1,1,2
825,1,1.5,0,11,0,38,0.4,94,3,18,540,783,716,11,4,14,0,1,0,0
772,0,1.1,1,12,0,39,0.8,81,7,14,1314,1854,2819,17,15,3,1,1,0,3
666,1,0.5,1,7,1,54,0.4,81,3,13,58,1353,1254,15,9,9,1,1,1,0
649,1,1.4,0,4,1,19,0.8,190,7,12,344,1551,739,18,1,2,1,1,0,0
1883,0,1.6,0,9,0,24,0.1,87,1,16,203,915,3563,17,10,3,0,0,0,3
1930,1,2.0,0,11,0,16,0.8,186,8,12,1901,1920,1783,17,3,13,0,0,1,2
1994,1,0.7,0,5,0,5,0.4,189,2,7,86,1546,1836,12,11,18,1,0,0,2
1184,0,1.5,1,1,1,48,0.6,191,1,6,519,1577,3315,17,7,14,1,1,1,3
586,0,1.4,1,10,1,8,0.5,142,8,14,116,598,3178,9,7,10,1,0,1,2
1179,1,0.8,0,1,0,5,0.9,154,5,17,913,1429,543,8,7,18,0,0,1,0
1318,1,2.4,0,1,1,45,0.1,136,2,7,183,661,755,18,3,9,1,0,1,0
1366,1,0.7,1,0,1,34,0.1,150,2,9,402,964,3501,13,11,3,1,0,0,3
1327,0,2.8,0,10,0,23,0.5,89,7,16,441,1721,872,7,5,4,1,1,1,0
1310,0,1.4,0,0,0,33,0.4,105,1,14,806,1016,1301,13,12,19,0,0,1,1
1379,0,0.5,1,1,0,19,0.3,134,8,17,387,671,3912,11,2,19,0,1,1,3
1562,1,1.3,1,1,1,7,0.2,190,5,15,642,1533,2243,12,10,6,1,0,0,2
1493,0,1.5,1,13,0,53,0.5,102,5,16,240,1414,2083,19,15,20,0,1,1,2
1175,1,1.3,0,2,0,19,0.3,164,7,9,873,1394,1944,9,4,9,1,1,0,1
1591,1,2.2,0,3,1,49,0.4,154,6,7,1384,1883,3703,17,6,20,1,1,0,3
1063,0,1.5,0,7,0,3,0.9,155,4,10,394,849,1919,12,10,20,1,1,0,1
1174,1,0.9,0,7,0,30,1.0,147,4,20,744,1244,804,17,14,16,0,1,1,0
1059,0,2.4,0,8,0,61,0.1,134,3,18,1613,1916,3716,15,13,11,1,1,0,3
1709,1,0.8,0,8,1,58,0.8,136,2,10,956,1292,1781,18,3,17,1,0,0,2
1697,1,0.7,0,1,1,34,0.1,95,1,3,236,1264,3701,15,9,8,1,1,0,3
1851,0,2.9,0,0,0,53,0.7,112,6,2,174,1175,2678,6,0,8,1,0,0,2
1296,0,1.4,1,3,0,11,0.2,129,7,4,1222,1382,2552,19,8,10,1,1,1,2
1018,1,0.7,1,7,0,63,0.1,155,5,18,856,883,3048,10,3,2,0,0,1,2
601,1,1.4,0,4,1,4,0.1,154,4,13,356,765,532,12,8,10,1,1,1,0
1709,1,2.1,0,1,0,13,1.0,156,2,2,974,1385,3283,17,1,15,1,0,0,3
1446,1,2.8,1,0,1,18,0.3,178,8,1,351,1769,3340,8,0,16,1,1,1,3
1653,0,0.5,1,2,1,37,0.9,176,4,6,447,1785,3955,19,4,18,1,1,1,3
1130,0,1.8,1,0,0,27,0.9,101,1,8,1495,1579,315,14,5,11,1,1,0,0
1733,1,2.8,0,3,1,36,1.0,119,6,20,357,527,3576,17,16,9,1,0,0,3
1861,1,0.9,0,4,1,55,0.5,148,7,8,1698,1877,601,7,5,4,1,0,0,1
1515,0,2.6,0,0,1,56,0.9,184,3,1,1438,1593,262,14,4,20,1,1,0,0
1860,1,2.3,0,15,0,23,0.6,162,4,16,1362,1506,3918,9,2,8,0,1,0,3
721,1,1.3,1,10,0,16,0.9,125,1,18,408,1862,1713,10,3,4,0,1,1,1
602,0,0.9,0,9,0,50,0.9,141,8,18,1571,1717,2189,7,5,16,0,1,0,2
1837,0,1.0,1,5,1,12,0.9,103,8,6,1420,1539,2294,8,7,20,1,0,1,3
635,1,0.5,1,2,0,42,0.4,149,3,4,300,1059,2973,12,5,18,0,0,1,2
1786,0,0.5,0,9,1,58,0.7,161,7,10,231,1671,2764,9,3,7,1,1,1,3
1423,0,0.6,0,12,0,44,0.8,131,5,13,501,640,2253,10,8,9,0,0,0,1
742,1,0.5,0,0,1,36,0.7,139,3,1,1161,1288,292,8,0,6,1,1,1,0
1790,0,2.5,1,9,0,2,0.1,184,1,14,622,792,1366,7,0,20,1,1,1,1
1424,1,2.9,1,0,0,20,0.6,180,5,0,181,1199,2658,15,0,19,1,0,0,2
906,0,2.1,1,7,0,18,0.1,136,2,11,1102,1793,3412,13,8,16,1,0,0,3
1524,1,1.8,1,0,0,10,0.6,174,4,1,154,550,2678,16,5,13,1,0,1,2
1617,0,1.5,0,1,1,63,0.7,111,2,10,274,1079,2754,19,10,8,1,1,1,2
1083,1,2.9,1,1,1,64,0.8,178,3,11,1025,1118,3210,13,3,4,1,0,0,3
574,1,2.0,1,0,1,26,0.5,118,6,2,382,1364,1303,8,4,2,1,0,1,0
580,1,1.2,1,0,0,47,0.9,91,3,1,1086,1345,3451,15,1,11,1,1,0,3
1566,1,0.5,1,0,0,20,0.5,126,2,0,1603,1930,659,14,9,13,1,1,1,1
932,1,0.5,0,1,1,60,0.7,104,4,2,268,1078,1459,6,1,19,1,1,0,0
825,1,0.5,1,7,0,52,0.9,130,3,10,597,863,3534,10,4,6,0,1,0,3
626,1,2.8,1,3,1,11,0.8,109,2,9,737,1759,1077,6,1,4,1,0,1,0
623,1,0.9,0,1,1,3,0.1,102,8,7,1749,1781,3537,16,13,3,1,0,1,3
1855,0,0.5,0,5,0,32,0.6,187,8,18,267,1161,3933,7,0,7,1,0,1,3
989,1,1.8,1,4,1,55,0.7,124,1,12,46,1069,1737,8,5,10,1,0,1,1
831,0,2.4,0,10,0,55,0.5,86,6,12,172,1239,1075,12,11,3,1,1,0,0
888,0,2.6,1,2,1,33,0.4,198,2,17,327,1683,3407,12,1,20,1,0,0,3
981,1,1.9,1,0,0,2,0.1,136,3,7,75,688,1539,19,12,19,0,0,0,0
714,1,2.1,1,5,1,11,0.1,197,3,6,1750,1857,1164,15,12,19,1,1,0,1
1344,0,1.5,0,1,0,14,0.5,190,1,3,419,556,2074,8,1,5,1,1,0,1
